USE `dev`;

#
# RegularUser
#
INSERT INTO `RegularUser` VALUES ('abernhard@gmail.com','travis.lemke','Tanner','Hettinger','napoleon.satterfield','15242'),('adalberto54@torpwolff.com','meagan.abbott','Jaquan','Turcotte','ukub','15242'),('adriana00@windler.com','marquardt.rashawn','Lina','Christiansen','jonathan.bahringer','15242'),('adriel31@yahoo.com','ddubuque','Allie','Hermiston','akertzmann','15242'),('agnes42@hotmail.com','pfay','Britney','Jast','ybartoletti','15242'),('alexandria06@hotmail.com','selmer98','Gladys','Strosin','jammie.koch','15242'),('armand20@reichelgreenholt.info','hazel33','Genoveva','Deckow','collier.gladys','15242'),('batz.christ@gmail.com','allen93','Mikel','Schowalter','bethel42','15242'),('baumbach.sammy@larkinwolff.com','jonathan.barrows','Tevin','Walsh','d\'angelo09','15242'),('bbartell@yost.biz','carlo.spencer','Reagan','Hauck','idietrich','15242'),('bbeier@yahoo.com','rodrick75','Maudie','Wolf','lew66','15242'),('beaulah26@littelkilback.com','windler.sophia','Sage','Sanford','mosciski.johnnie','15242'),('beier.chaim@yahoo.com','jairo.auer','Joyce','Farrell','gwunsch','15242'),('bergstrom.emilie@heidenreich.com','hschulist','Arianna','Gerhold','ggreenfelder','15242'),('blick.adah@yahoo.com','lreilly','Chasity','Schamberger','aaron36','15242'),('bridget27@okuneva.net','hhackett','Aryanna','Farrell','okihn','15242'),('cboyer@wisokyreichert.com','winifred19','Lambert','Franecki','spinka.sofia','15242'),('cecile.moore@yahoo.com','pstroman','Shemar','Auer','oberbrunner.jedidiah','15242'),('cedrick30@bashirian.com','ihalvorson','Soledad','Lind','abahringer','15242'),('clark.mcdermott@blickwiegand.com','reinger.lyda','Jared','Beier','ncrona','15242'),('clovis.schoen@yahoo.com','omorissette','Jimmy','Fahey','roslyn56','15242'),('co\'kon@gmail.com','leann.moen','Joshuah','Schroeder','kellen23','15242'),('corwin.zula@stanton.com','jude86','Simeon','Volkman','ari39','15242'),('cummings.javon@shieldsbergnaum.net','coby.lueilwitz','Shanie','Hansen','daniel.aida','15242'),('cyril.halvorson@dicki.biz','matilde99','Percival','Gorczany','jose.kuhn','15242'),('dejon30@langworthturcotte.net','icie.rutherford','Queenie','Hirthe','mraz.marjorie','15242'),('dgrimes@barrows.com','erich.shanahan','Amari','Legros','cgrady','15242'),('dgulgowski@hotmail.com','jasper.hand','Jamarcus','Kirlin','anjali.ebert','15242'),('dicki.earnestine@yahoo.com','qfriesen','Barrett','Jaskolski','lind.esteban','15242'),('dmckenzie@yahoo.com','johann.doyle','Presley','Kozey','savanna.bernhard','15242'),('dolson@hilpert.com','alfonzo.spinka','Kirstin','Frami','monte.erdman','15242'),('dorthy88@blickwiza.net','cassin.merritt','Kieran','Rau','rdare','15242'),('drice@hotmail.com','rosalind.klocko','Esther','Olson','emmie83','15242'),('earlene.cronin@reillyosinski.com','pasquale69','Naomie','Howell','florian29','15242'),('ebogisich@konopelskizemlak.net','cara.ullrich','Martin','Crooks','wmiller','15242'),('eebert@yahoo.com','bernier.meta','Maya','Beer','ckilback','15242'),('eldora.carter@bode.com','alisa01','Shaina','Gutmann','halvorson.ralph','15242'),('elian.ruecker@hotmail.com','grover.effertz','Unique','Kunde','collier.andrew','15242'),('elise.erdman@mueller.com','renner.jovan','Hadley','Reinger','runte.kurt','15242'),('elwyn.price@gmail.com','chester03','Adalberto','Mohr','janae90','15242'),('eo\'conner@wilkinson.info','green.keyshawn','Issac','Graham','turner.terry','15242'),('ernie.weissnat@hotmail.com','kade.jacobson','Ernestine','Rice','shaun.schultz','15242'),('eugenia.thiel@kassulkerempel.com','clare58','Breana','Romaguera','hbruen','15242'),('everardo08@emardwillms.com','henderson.roob','Noemi','Howe','randal68','15242'),('ewintheiser@hotmail.com','mjacobson','Wilmer','Heller','cortney97','15242'),('fahey.myrna@gmail.com','webster87','Damien','Hoppe','cristopher80','15242'),('fmohr@hotmail.com','dylan08','Soledad','Kunze','trisha33','15242'),('garmstrong@jacobi.com','isauer','Davon','Torp','roberts.dimitri','15242'),('gleichner.savannah@grimesprice.info','triston.nitzsche','Adolfo','Rippin','parker.susana','15242'),('glenda.marquardt@hotmail.com','rmuller','Bo','Schowalter','allene.aufderhar','15242'),('green.hudson@gmail.com','iwiza','Wilford','Homenick','gladyce.muller','15242'),('greyson.lang@heaneydare.com','dcole','Trace','Ullrich','erdman.floyd','15242'),('helene.frami@yahoo.com','athena.nienow','Alba','Hand','kuphal.krystal','15242'),('hills.armando@marquardt.info','brian72','Victoria','Cole','hermiston.charity','15242'),('hipolito.wolf@kris.com','hermann.eldora','Scotty','Sauer','yost.lonzo','15242'),('hyman47@yahoo.com','peggie62','Sage','Osinski','kadin.lowe','15242'),('ida.goodwin@yahoo.com','gutmann.neva','Madalyn','Funk','carroll.kris','15242'),('iherman@okeefe.info','brendon90','Cristina','Raynor','brielle27','15242'),('irau@gmail.com','abshire.janice','Hailey','Witting','rfriesen','15242'),('isaiah05@tremblay.com','kcormier','Keeley','Skiles','zolson','15242'),('iwisozk@schmeler.com','vivien.pfannerstill','Cassandra','Schinner','rhauck','15242'),('jaclyn.parker@hotmail.com','rschimmel','Sincere','Kling','alexandro.d\'amore','15242'),('jacobi.duncan@jakubowski.org','brandyn09','Nona','Greenholt','grimes.waylon','15242'),('jena46@bartonfadel.com','vinnie.quigley','Layla','Roberts','fritsch.aimee','15242'),('jkoelpin@yahoo.com','darrel46','Maude','Christiansen','milo.gulgowski','15242'),('kelsie44@yahoo.com','nicklaus23','Allene','Rodriguez','melvina.hoppe','15242'),('kerluke.buddy@wilderman.net','denesik.prudence','Kenyon','Paucek','hstrosin','15242'),('kertzmann.mose@gmail.com','hirthe.benedict','Keenan','Heller','wilfrid.adams','15242'),('kling.freeda@hotmail.com','rogelio.schiller','Robyn','Berge','tschumm','15242'),('koch.darrel@bayerwaters.info','bulah.rau','Jade','Becker','marc.funk','15242'),('kohler.antonietta@kulas.net','hilario91','Bret','Spencer','wkilback','15242'),('korey87@lindgrenstoltenberg.com','kabernathy','Jaren','Bernier','ansel03','15242'),('kreiger.zelda@wuckertullrich.com','rowe.nils','Mabel','O\'Reilly','adams.general','15242'),('kristian60@predovic.org','shanahan.gilbert','Benton','Wehner','erna.rosenbaum','15242'),('kshields@hotmail.com','bstark','Aimee','Jones','wwaelchi','15242'),('lakin.eldred@welch.com','jace71','Lindsey','Beahan','yconnelly','15242'),('langosh.marques@gmail.com','tre00','Olaf','Kshlerin','roob.chaya','15242'),('lavon.schiller@yahoo.com','strosin.vivienne','Eldon','Jerde','arturo.braun','15242'),('leanne.kunde@roob.com','thuel','Bonita','Runte','ugleichner','15242'),('leonora60@purdy.biz','dereck75','Xavier','Howe','cboehm','15242'),('lonie.kutch@marksmiller.net','pmccullough','Armani','Grant','shane71','15242'),('lucile.ortiz@hotmail.com','francisco.hoppe','Carleton','Simonis','leannon.muhammad','15242'),('luettgen.gilbert@emmerichgleichner.biz','macy.schuster','Brayan','Volkman','jdicki','15242'),('madie40@reillymertz.com','adonis88','Dominique','Blanda','hschmitt','15242'),('margret.ullrich@gleichner.com','nmorar','Sally','Schiller','maud83','15242'),('mbartell@gerlachschultz.net','hickle.furman','Joanne','Runolfsdottir','lambert75','15242'),('meaghan.schuster@hilpert.info','eula80','Flossie','Berge','owatsica','15242'),('melyssa11@bernierlakin.info','langosh.katelynn','Aiden','Deckow','corrine22','15242'),('michaela55@gmail.com','trinity.nikolaus','Dasia','Kirlin','btoy','15242'),('milton38@yahoo.com','amani.mitchell','Keanu','Feil','amiya98','15242'),('moen.jonathon@kirlin.com','haylie98','Doug','Bergstrom','mclaughlin.jayda','15242'),('mohammed.schowalter@von.com','cjast','Berneice','Heller','fmraz','15242'),('mose.purdy@yahoo.com','vweimann','Juana','Jacobi','tierra70','15242'),('mraz.sylvia@legros.info','camden.parker','Felipa','Schinner','feeney.lesley','15242'),('murazik.nathan@kshlerinkessler.com','callie.stehr','Mac','Baumbach','layla57','15242'),('nestor.haag@gulgowski.com','schamberger.ellsworth','Monty','Kiehn','soledad22','15242'),('nicola12@boganoconner.com','jennifer30','Jettie','Auer','emilia94','15242'),('o\'conner.leila@yahoo.com','morar.verlie','Fay','Thompson','april.lynch','15242'),('ohilll@hotmail.com','beau.stokes','Chanelle','Hermiston','vhyatt','15242'),('orie06@gmail.com','eldon.rempel','Matteo','Dickens','irma75','15242'),('orn.eldridge@gmail.com','merl33','Emilia','Collins','ztowne','15242'),('osinski.hal@hotmail.com','joanie27','Reynold','Stamm','uvonrueden','15242'),('owyman@haagkiehn.com','brionna.mccullough','Sydney','Olson','ilubowitz','15242'),('palma19@harveygoldner.com','angie55','Alexzander','Gleason','jordon92','15242'),('paucek.bridgette@effertzaufderhar.biz','fhauck','Vivian','Koelpin','ara57','15242'),('powlowski.maryse@hotmail.com','kirlin.leila','Miguel','Ryan','plubowitz','15242'),('prosacco.ernestine@hotmail.com','elian96','Nils','Ziemann','eldora.hammes','15242'),('quitzon.amari@ernser.com','clara26','Bernadine','Rohan','tharvey','15242'),('rcollier@padberg.com','weffertz','Pedro','Kunze','clyde.bayer','15242'),('rico.kling@bechtelar.com','elyse90','Duane','Schaefer','boehm.donald','15242'),('ritchie.emmet@goodwinmckenzie.com','goldner.reynold','Lucienne','Walker','rmcclure','15242'),('robel.fabiola@lowe.net','adele32','Jakob','Breitenberg','millie.harris','15242'),('rogelio56@hotmail.com','champlin.johnson','Thalia','Hammes','reichert.rey','15242'),('rollin83@hauck.com','mitchell.kiera','Abbigail','D\'Amore','rreichel','15242'),('rosemarie11@leschhansen.com','cgreenholt','Taya','Rath','eladio28','15242'),('ruth65@yahoo.com','hoppe.selmer','Berniece','Howe','qmitchell','15242'),('sabrina.osinski@gmail.com','rthiel','Nayeli','Feil','lward','15242'),('satterfield.mikayla@roob.com','rosemarie.weber','Ephraim','Rempel','lafayette.o\'hara','15242'),('sawayn.dangelo@lindgren.com','keebler.gregorio','Jermaine','Franecki','terrill.douglas','15242'),('sbergnaum@gmail.com','adams.golda','Daphney','Torphy','elnora.d\'amore','15242'),('shanahan.deion@ankunding.com','terry.pouros','Luisa','Jaskolski','hammes.ellis','15242'),('sheldon53@gmail.com','kathryn.legros','Angelica','Fadel','esther87','15242'),('skoss@hotmail.com','ratke.hillard','Ronny','Weissnat','ocrona','15242'),('sonya33@hotmail.com','dayana62','Abel','Erdman','travis80','15242'),('stacy29@abbottreichert.org','morissette.nicholas','Crystal','Reinger','brandy58','15242'),('stewart.will@stromanschamberger.com','ratke.justine','Cassandra','Klocko','wilburn32','15242'),('sydnee.mosciski@hotmail.com','jjakubowski','Ruth','DuBuque','abbott.mathias','15242'),('talon.bechtelar@yahoo.com','cassie61','Leann','Stroman','deckow.harrison','15242'),('tdach@mcglynn.com','kkeeling','Jadon','Zboncak','maureen49','15242'),('terrill.doyle@hotmail.com','clinton.dickens','Zachariah','Torphy','tessie47','15242'),('tevin.rau@wiegandkuhlman.com','ransom51','Cheyenne','Paucek','cgoldner','15242'),('thea.witting@metzboyle.com','emmanuelle47','Geo','Lemke','arno09','15242'),('travis85@gerhold.com','genesis37','Nikita','McClure','electa48','15242'),('ublock@wiza.com','schmeler.oliver','Joseph','Becker','roob.blaze','15242'),('uhoeger@gmail.com','qjenkins','Braeden','Carter','gjerde','15242'),('ullrich.vincent@hotmail.com','dicki.leta','Bridget','Will','jordan.hilll','15242'),('uortiz@emard.net','ymayert','Stewart','Conn','seamus97','15242'),('uritchie@yahoo.com','jo.hane','Rudy','Stokes','nsporer','15242'),('ushields@gmail.com','satterfield.zander','Ruben','Turcotte','alexandro.tremblay','15242'),('vandervort.cathrine@vongottlieb.com','xbergstrom','Clotilde','Langworth','kole22','15242'),('vschmeler@prohaska.biz','frederick81','Koby','Strosin','mertz.rhianna','15242'),('walsh.reyes@miller.com','heaney.jewell','Alycia','Ferry','dario.huels','15242'),('watsica.jamey@auer.biz','allene.sipes','Harmony','Jast','georgianna39','15242'),('willms.jewell@yahoo.com','nichole40','Kristian','Koepp','bcollier','15242'),('wpacocha@gmail.com','corene.frami','Kennedi','Stark','izabella91','15242'),('xlind@yahoo.com','nicholaus76','Madie','O\'Connell','bethany10','15242'),('yasmine.kutch@kunze.biz','gerardo72','Darrion','Greenholt','devonte47','15242'),('yschumm@hotmail.com','ucartwright','Retta','White','leatha44','15242'),('zstroman@kessler.com','daniel.jefferey','Berenice','Lehner','romaguera.april','15242'),('zwolf@strosin.com','sebastian72','Francisca','Green','sanford.price','15242');

-- Change to random postal code
UPDATE RegularUser 
SET 
    postal_code = (SELECT 
            postal_code
        FROM
            Address
        ORDER BY RAND()
        LIMIT 1);

#
# PhoneNumber
#
INSERT INTO `PhoneNumber` VALUES ('luettgen.gilbert@emmerichgleichner.biz','001-315-6631','mobile',''),('dicki.earnestine@yahoo.com','005-788-2196','home','\0'),('cyril.halvorson@dicki.biz','009-782-6153','home','\0'),('elise.erdman@mueller.com','013-221-5447','work',''),('kling.freeda@hotmail.com','025-835-8527','work',''),('murazik.nathan@kshlerinkessler.com','036-345-9835','home',''),('jaclyn.parker@hotmail.com','036-669-7389','mobile',''),('lonie.kutch@marksmiller.net','042-237-0711','home',''),('mose.purdy@yahoo.com','055-560-9981','mobile',''),('ruth65@yahoo.com','091-144-4102','mobile',''),('ritchie.emmet@goodwinmckenzie.com','108-782-0875','mobile','\0'),('armand20@reichelgreenholt.info','111-905-0346','mobile',''),('orn.eldridge@gmail.com','113-188-5038','home',''),('clark.mcdermott@blickwiegand.com','113-998-6891','home','\0'),('blick.adah@yahoo.com','118-118-2274','home',''),('abernhard@gmail.com','121-692-9800','home','\0'),('kristian60@predovic.org','124-612-0681','mobile',''),('adriel31@yahoo.com','128-857-8321','home','\0'),('hipolito.wolf@kris.com','130-885-2243','mobile',''),('rcollier@padberg.com','136-387-8984','home','\0'),('eldora.carter@bode.com','150-211-6765','home','\0'),('kreiger.zelda@wuckertullrich.com','152-642-7661','work','\0'),('hyman47@yahoo.com','154-933-4258','work',''),('adalberto54@torpwolff.com','176-449-3690','home',''),('kertzmann.mose@gmail.com','179-091-3185','mobile','\0'),('ernie.weissnat@hotmail.com','188-902-3073','mobile',''),('greyson.lang@heaneydare.com','204-368-9090','home',''),('rico.kling@bechtelar.com','219-687-5719','mobile',''),('dmckenzie@yahoo.com','232-925-4170','work',''),('mraz.sylvia@legros.info','248-305-0526','home',''),('milton38@yahoo.com','256-143-5954','work',''),('quitzon.amari@ernser.com','259-826-0173','home','\0'),('cummings.javon@shieldsbergnaum.net','286-221-1929','work',''),('langosh.marques@gmail.com','300-545-0610','home','\0'),('alexandria06@hotmail.com','302-796-3825','work','\0'),('eebert@yahoo.com','310-931-2884','work',''),('dorthy88@blickwiza.net','321-301-5062','home',''),('jkoelpin@yahoo.com','328-646-0649','home',''),('baumbach.sammy@larkinwolff.com','333-127-4878','mobile',''),('elwyn.price@gmail.com','334-990-8780','mobile','\0'),('dgrimes@barrows.com','337-647-8557','mobile',''),('cecile.moore@yahoo.com','345-439-0878','mobile',''),('fahey.myrna@gmail.com','346-120-7745','mobile','\0'),('prosacco.ernestine@hotmail.com','350-387-8524','work',''),('michaela55@gmail.com','351-415-1619','home','\0'),('bergstrom.emilie@heidenreich.com','355-265-4031','work','\0'),('bbartell@yost.biz','385-782-7233','mobile',''),('kerluke.buddy@wilderman.net','389-888-4628','work',''),('madie40@reillymertz.com','392-179-0993','work','\0'),('earlene.cronin@reillyosinski.com','400-800-6169','mobile',''),('batz.christ@gmail.com','404-935-3343','work','\0'),('agnes42@hotmail.com','409-032-6664','mobile',''),('gleichner.savannah@grimesprice.info','416-051-1280','mobile',''),('green.hudson@gmail.com','430-685-2587','work','\0'),('eo\'conner@wilkinson.info','438-489-4110','mobile',''),('garmstrong@jacobi.com','449-080-6006','mobile','\0'),('robel.fabiola@lowe.net','456-061-7896','home','\0'),('cedrick30@bashirian.com','479-082-0231','work',''),('kohler.antonietta@kulas.net','481-175-6162','work',''),('ewintheiser@hotmail.com','497-764-0049','home',''),('sawayn.dangelo@lindgren.com','510-720-3664','mobile',''),('dejon30@langworthturcotte.net','515-541-9087','work','\0'),('powlowski.maryse@hotmail.com','518-054-1246','home','\0'),('lavon.schiller@yahoo.com','519-595-3614','work',''),('corwin.zula@stanton.com','520-776-9728','home','\0'),('isaiah05@tremblay.com','535-947-6334','mobile',''),('meaghan.schuster@hilpert.info','550-974-0103','mobile','\0'),('cboyer@wisokyreichert.com','551-136-6543','home',''),('melyssa11@bernierlakin.info','553-982-3410','mobile','\0'),('rogelio56@hotmail.com','554-036-8148','mobile',''),('owyman@haagkiehn.com','561-627-7727','mobile','\0'),('kshields@hotmail.com','577-248-9453','mobile',''),('koch.darrel@bayerwaters.info','580-776-2397','home','\0'),('iwisozk@schmeler.com','581-067-7727','home','\0'),('jena46@bartonfadel.com','588-003-2321','mobile',''),('paucek.bridgette@effertzaufderhar.biz','631-193-4601','mobile',''),('sabrina.osinski@gmail.com','655-938-3801','work',''),('clovis.schoen@yahoo.com','665-856-5468','mobile','\0'),('dolson@hilpert.com','690-348-6193','home',''),('ebogisich@konopelskizemlak.net','716-759-0917','work','\0'),('satterfield.mikayla@roob.com','718-318-4103','work','\0'),('margret.ullrich@gleichner.com','719-698-6045','home',''),('everardo08@emardwillms.com','722-188-1871','home',''),('palma19@harveygoldner.com','725-805-7757','work',''),('beier.chaim@yahoo.com','726-996-1360','mobile','\0'),('orie06@gmail.com','728-565-6969','work',''),('nicola12@boganoconner.com','734-549-0582','mobile',''),('leanne.kunde@roob.com','740-313-0626','mobile',''),('korey87@lindgrenstoltenberg.com','741-215-0207','home',''),('moen.jonathon@kirlin.com','753-923-4227','home',''),('drice@hotmail.com','757-669-6464','work',''),('lakin.eldred@welch.com','782-829-0328','home','\0'),('mohammed.schowalter@von.com','785-957-2880','work','\0'),('sbergnaum@gmail.com','796-326-9345','mobile',''),('rosemarie11@leschhansen.com','803-784-1243','mobile',''),('helene.frami@yahoo.com','814-134-0742','work','\0'),('lucile.ortiz@hotmail.com','815-692-2400','mobile',''),('osinski.hal@hotmail.com','831-874-5482','mobile','\0'),('rollin83@hauck.com','831-941-1419','home',''),('ohilll@hotmail.com','838-820-9612','home',''),('jacobi.duncan@jakubowski.org','846-830-6896','mobile',''),('fmohr@hotmail.com','850-886-0586','home',''),('co\'kon@gmail.com','855-615-7319','home','\0'),('dgulgowski@hotmail.com','858-636-5136','home','\0'),('hills.armando@marquardt.info','859-484-0210','work','\0'),('leonora60@purdy.biz','868-358-7455','work',''),('elian.ruecker@hotmail.com','883-670-6540','mobile','\0'),('ida.goodwin@yahoo.com','884-265-9703','work','\0'),('iherman@okeefe.info','892-255-1954','work','\0'),('glenda.marquardt@hotmail.com','905-222-5863','home','\0'),('o\'conner.leila@yahoo.com','908-476-5113','home','\0'),('kelsie44@yahoo.com','912-711-1221','home',''),('beaulah26@littelkilback.com','917-662-5880','home',''),('adriana00@windler.com','926-786-0245','work','\0'),('eugenia.thiel@kassulkerempel.com','927-848-6601','home','\0'),('nestor.haag@gulgowski.com','934-040-4687','home','\0'),('bbeier@yahoo.com','977-666-4501','mobile',''),('irau@gmail.com','986-301-7814','work','\0'),('mbartell@gerlachschultz.net','994-877-4455','mobile',''),('bridget27@okuneva.net','997-532-3663','home','\0');

#
# Item
#
INSERT INTO `Item` VALUES (1,'abernhard@gmail.com','Laudantium nemo in facere rerum sunt. Laudantium quia labore expedita libero praesentium minus. Eligendi dolor quos veritatis occaecati velit laboriosam. Sit et nihil temporibus omnis ea. Maiores aut alias sint est. Pariatur perspiciatis aut unde aut ut. Ut aliquid et delectus et','Hic sit asperiores est.','Lightly Used','Card game'),(2,'adalberto54@torpwolff.com','Veritatis enim illum odio ea. Nesciunt non et voluptas odit ut. Nam corporis dolorem eos at ut est. Consequuntur placeat atque suscipit rerum aut. Et officiis quo nihil et minima ut. Sapiente inventore ut vitae fugiat est similique. Cupiditate mollitia asperiores sint tempora. Od','Magni reprehenderit ducimus quia.','Like New','Card game'),(3,'adriana00@windler.com','Ut numquam et numquam. Iure ut qui et. Illum sit aut sunt nobis voluptatem. Vel repellendus sunt ut atque illum architecto saepe. Numquam iure eos voluptatem officia tenetur. Rem nihil nisi non rerum nisi. Sit et aperiam suscipit voluptatem ut modi est enim. Adipisci quis similiq','Aut nihil sit tempore.','Lightly Used','Computer game'),(4,'adriel31@yahoo.com','Voluptas quo aut itaque aspernatur pariatur aut. Quisquam laudantium molestiae consequatur occaecati. Enim et reiciendis nobis quaerat. Quia rem veniam deserunt ullam enim atque. In hic omnis dolor aut. Et ut mollitia temporibus consectetur quo. Quas rerum ab consequatur id amet.','Nam eum animi.','Heavily Used','Video game'),(5,'agnes42@hotmail.com','Ducimus sit ut nisi est numquam occaecati dolores. Nesciunt corporis perferendis sed voluptatem optio quia. Totam qui quam maxime. Ex ullam aliquid perferendis fuga officia. Eius atque voluptates aperiam porro voluptate. Quo dolore ipsa assumenda occaecati dolor praesentium numqu','Debitis aut porro.','Lightly Used','Video game'),(6,'alexandria06@hotmail.com','Corporis voluptatum non ut aut aut at dolorum. Qui cum cumque sequi nihil sint esse nisi. Suscipit voluptates fugit soluta quasi consequuntur ut laborum. Rerum et dolores tenetur et. Sunt voluptatem aut sit libero esse enim laudantium. Voluptatum dicta reprehenderit voluptatem. A','Laboriosam est in ad.','Moderately Used','Computer game'),(7,'armand20@reichelgreenholt.info','Dolor laudantium nobis aliquid distinctio consequuntur quia rerum. Nihil repellendus aliquid sit neque numquam reiciendis beatae quis. Animi accusamus possimus atque voluptatibus sed voluptas qui. Ipsum rem consequatur vel nobis perferendis. Error debitis illo sunt dolores quia n','Nisi error animi.','Damaged/Missing parts','Video game'),(8,'batz.christ@gmail.com','Enim eos aperiam ipsum explicabo voluptatibus et fugit. Soluta labore iusto pariatur officia omnis ut. Consectetur vel hic consequatur. Sint quis nobis sint vero quia. Sit quia qui est modi rem nostrum unde. Ab praesentium et suscipit dolorem molestiae. Suscipit ullam nobis fugia','Quae nostrum dolor.','Damaged/Missing parts','Video game'),(9,'baumbach.sammy@larkinwolff.com','Rerum quos veritatis voluptatem recusandae. Consequatur assumenda architecto perspiciatis dolorem qui animi. Ut dolorem dolorem deleniti quia sint vero. Officiis et tempore ipsam et. Debitis fuga magnam vero aut qui nihil veritatis. Quis qui error enim nisi enim modi. Asperiores ','Voluptates sapiente ullam ut nemo.','Damaged/Missing parts','Jigsaw puzzle'),(10,'bbartell@yost.biz','Labore vel esse amet nesciunt asperiores. Accusamus nesciunt enim tenetur illum consectetur sit. Aut cupiditate consectetur in iusto fugit et aliquam totam. Exercitationem alias aliquid quia quos minima et impedit. Dolorem nisi qui molestias commodi qui cum. Ut neque sint sequi. ','Omnis earum non.','Moderately Used','Card game'),(11,'bbeier@yahoo.com','Dicta sunt similique deserunt placeat. Harum perferendis illum tempore autem deserunt hic cupiditate aliquam. Voluptatibus rem temporibus vitae fuga maiores. Dolores aut in et doloremque et similique nisi. Optio nobis quibusdam est non. Sed corporis ratione at dicta libero omnis.','Sapiente aut quia.','Mint','Card game'),(12,'beaulah26@littelkilback.com','Similique molestias voluptatibus eos commodi labore eveniet ut. Praesentium optio impedit et itaque est blanditiis. Cupiditate incidunt sequi sunt. Soluta eveniet consequatur dolorem. Distinctio minus tempore est beatae. Id ipsum dolorem nemo dolorum veniam. Porro sed tenetur rep','Voluptatem assumenda aut.','Lightly Used','Board game'),(13,'beier.chaim@yahoo.com','Distinctio voluptatem est distinctio aut aut id enim. Placeat quo et architecto perferendis. Neque explicabo quisquam in esse neque possimus doloremque sed. Labore eaque quam ut reprehenderit id voluptatem culpa. Quam asperiores omnis sed natus ex quaerat soluta. Eaque eius magni','Illum eaque id laborum.','Heavily Used','Card game'),(14,'bergstrom.emilie@heidenreich.com','Molestiae et voluptas et. Voluptas cum ipsa ut numquam est. Et enim molestiae adipisci nam dolorem quaerat. Blanditiis sit nihil rerum quo nisi at. Recusandae qui perferendis dolorum cupiditate velit saepe. Omnis consequatur culpa qui qui accusamus similique. Esse reiciendis repe','Voluptate ex vel maiores.','Mint','Computer game'),(15,'blick.adah@yahoo.com','Fugit et fugit iure magnam qui vero. A unde velit vitae quisquam ipsam numquam id et. Sed molestiae est et tempore et sint. In ut nihil quibusdam quam esse alias debitis. Labore et sed delectus. Asperiores beatae sapiente occaecati quidem. Officia aliquam sunt consequuntur conseq','Consequatur et quidem.','Damaged/Missing parts','Video game'),(16,'bridget27@okuneva.net','Veniam ut debitis quia in. Odio debitis qui cumque rerum. Sint a facere et sit iste. Nemo in quo labore ipsum. Et quis amet non. Non perspiciatis veniam eligendi. Vitae quaerat aspernatur rem eaque ducimus ex.','Perferendis et qui.','Damaged/Missing parts','Card game'),(17,'cboyer@wisokyreichert.com','Sunt totam aut sapiente consequatur molestiae assumenda. Quia non ipsum at debitis illo sed sapiente cupiditate. Natus omnis ad omnis et atque fugit. Eum ut dolor nulla. Ratione qui omnis optio ea ratione odio modi rem. Quia tempore dolor molestias delectus consequatur. Omnis ut ','Inventore saepe quo.','Heavily Used','Video game'),(18,'cecile.moore@yahoo.com','Voluptatum repellat aut doloremque non. Aut est in consequatur qui modi aut. Quisquam tempore dolorum aliquid sequi ab eius. Consequuntur nihil aut illo dolores ea aut iusto recusandae. Nemo iusto dolores qui quo similique qui qui. Vel qui natus impedit quibusdam. Consequatur par','Magni consectetur eius voluptatum.','Lightly Used','Card game'),(19,'cedrick30@bashirian.com','Omnis sint quaerat et delectus. Dolorum et autem architecto. Nostrum nulla eum ea ratione. Non quibusdam itaque voluptatum doloremque velit dolorem consectetur. Rem corrupti officiis qui quia rerum sed dolores. Et minus porro omnis vero. Qui sint rem quae ut cupiditate. Corrupti ','Dolorem vitae quod.','Heavily Used','Card game'),(20,'clark.mcdermott@blickwiegand.com','Beatae voluptatem aliquid qui ipsa ut neque nobis. Exercitationem aspernatur accusantium minus voluptatem recusandae. Alias voluptatem nobis consequatur. Eum voluptas perferendis laudantium omnis. Voluptatem officia velit id sed ea. Quae nobis iste esse facilis. Rem aut deserunt ','Quis iusto.','Like New','Video game'),(21,'clovis.schoen@yahoo.com','Repudiandae a totam consectetur et delectus porro non. Voluptates quaerat repellat ab libero harum qui quia. Velit soluta dignissimos aperiam esse neque minus consequatur. Voluptatibus aliquam qui rerum ducimus. Ipsam ab aut sint cum. Possimus nostrum laboriosam voluptatibus simi','Beatae modi officiis dolores.','Damaged/Missing parts','Card game'),(22,'co\'kon@gmail.com','Dolor velit molestiae rerum quo quasi et voluptatem. Quibusdam facere quo ea corrupti dolore vitae omnis nam. Voluptatem officia aut beatae perferendis quis nihil. Saepe inventore reiciendis ea aut consectetur distinctio illum. Rerum debitis modi quasi ut dolor. Omnis dolore quis','Aut qui omnis.','Lightly Used','Video game'),(23,'corwin.zula@stanton.com','Dolore et recusandae veniam quia aut ratione. Facilis natus et enim nulla inventore quaerat. Earum nulla corrupti ut non eos sapiente et. At magnam voluptatem pariatur quibusdam. Omnis molestiae et fuga dolor sed est. Sapiente quaerat repellat adipisci at laboriosam. At ducimus q','Itaque laboriosam odit.','Mint','Computer game'),(24,'cummings.javon@shieldsbergnaum.net','Aut aut sunt fugiat. Quam consectetur commodi expedita sapiente alias qui. Architecto quis magni eos voluptas beatae nostrum. Nulla mollitia consequuntur laboriosam. Vitae ad suscipit dolorum aspernatur. Ea qui natus in nulla occaecati odit. Omnis iusto maxime doloremque dolore e','Vel laboriosam et.','Mint','Video game'),(25,'cyril.halvorson@dicki.biz','Minus soluta sunt animi veritatis et iste. Nihil ea labore quas magni quibusdam alias sit veniam. Consequatur suscipit adipisci dolorum recusandae et vel totam qui. Dolor qui impedit placeat tempora et. Non sequi et amet iure non et ratione. Porro non qui quibusdam sint ex recusa','Aut voluptatem et.','Heavily Used','Video game'),(26,'dejon30@langworthturcotte.net','Animi id sed iure sed. Molestiae consequatur odio consequuntur eius veniam exercitationem. Consequatur impedit laborum est eaque illo. Et unde atque sed ut neque rerum. Aut ut a dolor commodi voluptatem. Soluta maiores debitis dolores esse fugit iste. Voluptatibus dicta similique','Necessitatibus sit.','Heavily Used','Video game'),(27,'dgrimes@barrows.com','Qui esse aut voluptatum voluptas. Enim ex vel animi dolor. Et magni tempore consequuntur odit consequatur asperiores aut. Aperiam quidem est qui magni. Aut et minus quis omnis inventore et perspiciatis. Eius aut quod quia totam enim qui. Omnis similique id quos sequi optio. Ea ul','Ad et quasi qui.','Heavily Used','Card game'),(28,'dgulgowski@hotmail.com','Consequuntur praesentium similique ut sunt. Ratione magnam temporibus similique ut et. Et aut ut in earum et. Omnis cupiditate blanditiis voluptas quam soluta. Sapiente provident doloribus officiis dolores enim. Aperiam quia eos nobis qui pariatur est. Excepturi quia ab consequat','Nesciunt beatae totam rem.','Mint','Board game'),(29,'dicki.earnestine@yahoo.com','Debitis ducimus et aut excepturi sed sunt a neque. Et nulla dicta aut eveniet et aspernatur. Atque dolorem qui consequuntur velit quia aut consequatur. Voluptatum in ducimus necessitatibus reiciendis eos nobis. Eveniet odit neque sit vitae. Occaecati aut tempore placeat eveniet d','Consequatur accusantium iusto.','Lightly Used','Card game'),(30,'dmckenzie@yahoo.com','Sunt asperiores expedita debitis non at cumque quae. Assumenda corrupti nesciunt maiores qui. Quia commodi modi cum sed qui laboriosam. Vel nobis aut sit perferendis accusamus culpa rerum exercitationem. Odio earum nesciunt suscipit ipsum magni iusto porro. Nostrum autem rerum re','Et ut ea dolorem.','Mint','Computer game'),(31,'dolson@hilpert.com','Sapiente iure qui nam omnis amet velit sed. Minus aut ipsam dolore magni sunt culpa. Dolorum voluptatem dicta velit deleniti eligendi repudiandae aut. Ex architecto qui id eveniet dolores est. Tempore quo ducimus maxime consequatur molestiae aut enim. Molestiae est doloremque qua','Eos cupiditate.','Mint','Card game'),(32,'dorthy88@blickwiza.net','Dicta provident optio repellendus dolore. Perspiciatis reprehenderit magni autem distinctio quia doloribus. Minima quasi laborum libero laborum. Autem aut quos ut sed sed. Quae quidem natus molestias laudantium dolor porro vitae. Ut perspiciatis non ut nam consequuntur deserunt v','Ipsum est repudiandae.','Like New','Jigsaw puzzle'),(33,'drice@hotmail.com','Omnis sit quasi pariatur aut. Autem autem unde quia debitis aperiam porro. Et dicta quia et sit eveniet exercitationem deleniti. Laboriosam rerum aliquid laboriosam tempore hic sapiente omnis. Est est sed ullam libero aut. In sed necessitatibus enim quo ut. Quam minus voluptates ','Maiores vel aut repellat optio.','Heavily Used','Video game'),(34,'earlene.cronin@reillyosinski.com','Vero maiores facilis labore omnis vero ullam quaerat. Veritatis assumenda vel ut non officiis eaque. Sequi beatae officiis veritatis. Hic cupiditate veritatis reiciendis fugiat. Consectetur soluta qui asperiores impedit eius. Est deleniti magnam est enim iste. Dolor odio occaecat','Accusantium odit autem eaque.','Moderately Used','Video game'),(35,'ebogisich@konopelskizemlak.net','Optio tempora alias animi sed natus qui. Quos cupiditate amet illum nam. Sequi tempora sit et quis. Doloribus hic atque consequatur vero. Aut odit amet reiciendis accusamus rerum voluptas. Voluptate quod nihil ratione est sint nesciunt. Quidem nihil corporis perferendis id volupt','Id inventore fugiat.','Moderately Used','Jigsaw puzzle'),(36,'eebert@yahoo.com','Ea voluptatum blanditiis minima consequatur id. Est rerum deleniti quasi. Ea et aliquam eum alias soluta. Fuga vitae illum voluptatem et quo. Aut reiciendis nulla corporis distinctio rerum enim provident tempora. Corporis tempore blanditiis maxime in fugiat molestiae. Saepe sunt ','Veniam repudiandae doloremque dolor illum.','Lightly Used','Card game'),(37,'eldora.carter@bode.com','Architecto unde dolore non. Molestias deleniti iste natus aperiam repellat consequatur. Asperiores laudantium hic facere est animi. Tempore mollitia voluptatem eveniet ut quis temporibus incidunt. Pariatur enim vel quia nihil. Architecto consequatur beatae id consectetur voluptas','Sit at amet et.','Damaged/Missing parts','Board game'),(38,'elian.ruecker@hotmail.com','Et illo reprehenderit aliquid non ipsam esse. Dolor voluptatum aut aut id. Maxime voluptatum ut et ratione eligendi odit officia. Beatae perspiciatis soluta et vel. Aliquid in dolorum maxime ea aut eaque dolorem. Distinctio et aliquid laboriosam dolorem eveniet nobis. Fuga placea','Non laborum dignissimos ullam.','Damaged/Missing parts','Board game'),(39,'elise.erdman@mueller.com','Quasi eum adipisci laudantium doloribus et. Voluptatem nihil suscipit doloribus voluptas et vel itaque. Suscipit quia sit voluptatum qui sed facilis. Eaque dignissimos enim quia. Asperiores non et illo ea. Enim itaque nemo voluptatem sed velit tenetur. Atque expedita eum autem re','Tempora ut omnis velit.','Heavily Used','Jigsaw puzzle'),(40,'elwyn.price@gmail.com','Omnis beatae enim excepturi deleniti. Totam et laborum ex voluptates. Dolor quo delectus harum fugiat quia. Perferendis assumenda nulla reiciendis et veritatis repellat sint. Beatae sint ad occaecati voluptatem repellendus tempora tempore nobis. Nisi corporis est quis eos. Volupt','Ipsum praesentium rerum et.','Lightly Used','Video game'),(41,'eo\'conner@wilkinson.info','Numquam praesentium aut sint quis beatae fuga cumque. Velit molestiae voluptatem quisquam saepe ut doloremque earum. Culpa velit rerum quos quam qui exercitationem in. Eum qui qui cupiditate. In aut saepe minima omnis sint a quia quos. Voluptate deleniti officia aut sapiente nobi','Laborum minus ut.','Like New','Jigsaw puzzle'),(42,'ernie.weissnat@hotmail.com','Totam esse quam numquam mollitia. Et qui saepe inventore qui. Et blanditiis maiores sint dolor ducimus et molestiae quaerat. Qui et tenetur reiciendis accusamus. Et dolorem nobis earum. Cumque quibusdam qui nihil eos molestiae magni et velit. Magni eos labore omnis consectetur fu','Voluptatem aspernatur numquam.','Lightly Used','Card game'),(43,'eugenia.thiel@kassulkerempel.com','Aut nostrum quam assumenda inventore quia vel aut. Ut qui cupiditate odit aperiam. Quasi in provident nesciunt vel porro maiores. Temporibus omnis tempore minima iure. Ratione fugit optio ut qui iste. Quis in quia itaque dolorem. Est tempora ad quibusdam cumque sunt. Commodi dolo','Molestias exercitationem dignissimos.','Heavily Used','Card game'),(44,'everardo08@emardwillms.com','Ipsum beatae sint odio quo iusto. Incidunt ut tenetur fuga enim. Velit dolorum voluptas et ut porro quia ut. Dignissimos perspiciatis aperiam in velit nisi occaecati labore. Temporibus quis ut voluptatem recusandae aut. Quisquam beatae recusandae maxime omnis aut tenetur voluptat','Quam exercitationem aspernatur qui.','Like New','Jigsaw puzzle'),(45,'ewintheiser@hotmail.com','Consequatur repellat odit non. Consequuntur quia numquam ea placeat ipsam. Qui temporibus soluta soluta id voluptatem sapiente dolore. Sed aut earum accusantium nihil. Aut sint facilis omnis et. Quod maiores beatae et voluptas velit officia. Corporis consequatur quisquam rerum as','Mollitia ut asperiores.','Heavily Used','Board game'),(46,'fahey.myrna@gmail.com','Maiores odit aut corporis recusandae. Amet et amet totam quos culpa beatae. Nisi sapiente quia quos aperiam perferendis omnis reprehenderit. Accusamus nostrum eveniet deleniti sed ea. Aliquam et ipsam et. Consectetur quis iste eius. Asperiores labore ea asperiores totam a sit. Et','Ipsa quisquam molestiae itaque.','Moderately Used','Card game'),(47,'fmohr@hotmail.com','Ea velit beatae commodi iusto commodi suscipit. Voluptatem expedita excepturi quasi. Facilis quo non magnam atque omnis. Dolor et molestiae nostrum voluptas adipisci quidem harum. Velit rem omnis aspernatur minima. Laboriosam eligendi cum quae sed quo ratione. Nam mollitia ea vol','Facilis harum animi.','Moderately Used','Jigsaw puzzle'),(48,'garmstrong@jacobi.com','Quo iusto deleniti porro esse. Officia quia saepe ex consequuntur ex ea quidem. Enim autem enim magnam consequuntur nam id. Et maxime reprehenderit unde quos ipsam odio. Temporibus eos facilis dolorum ipsum ut perferendis quidem quibusdam. Quisquam modi sed labore cum. Repellat m','Necessitatibus enim.','Mint','Card game'),(49,'gleichner.savannah@grimesprice.info','Eaque deleniti tempora fugiat quis debitis. Provident qui ipsum enim doloribus dicta reprehenderit. Sit et magnam quia iste. Natus nihil suscipit doloremque ipsum. Omnis dicta sit ut id quos. Consequuntur modi dolores nobis rerum. Et harum deleniti quo et corrupti quo eius. Harum','Cupiditate asperiores soluta et quia.','Lightly Used','Jigsaw puzzle'),(50,'glenda.marquardt@hotmail.com','Ipsa harum animi possimus voluptatem voluptatem porro explicabo aliquam. Aut sit error atque dolores asperiores. Culpa et temporibus occaecati optio soluta sit minima. Natus aut vero consequuntur et est eum deleniti aut. Quae perferendis cum autem natus. Velit debitis minus dicta','Libero ipsum atque expedita.','Mint','Board game'),(51,'green.hudson@gmail.com','Quasi corrupti voluptas maiores sit sit. Ut minima et sint occaecati. Dicta rerum tempora vero nostrum. Distinctio delectus saepe ad rem. Officia neque tempora mollitia ut. Sed consequatur nihil in voluptas. Odit sunt excepturi aliquid consequatur ipsum. Id est in optio ab. Reici','Et harum aut omnis.','Like New','Card game'),(52,'greyson.lang@heaneydare.com','Ea rerum laboriosam non dolorum voluptatem doloribus. Molestias assumenda nemo omnis ut et asperiores dolor. Et earum tenetur sed nesciunt similique sint. Aut est quo optio totam. Aut est excepturi et facere. Veniam rerum incidunt doloribus atque perspiciatis autem velit. Suscipi','Soluta voluptatem odit dignissimos.','Like New','Card game'),(53,'helene.frami@yahoo.com','Hic est nemo quis ut aliquam maxime. Non eum cum et voluptatem illo praesentium. Culpa quo aut explicabo est. Rerum ab magnam fugiat. Inventore ea iusto suscipit consequatur omnis autem delectus nemo. Adipisci dolor et id alias repudiandae distinctio quia. Dignissimos inventore i','Non qui velit.','Moderately Used','Video game'),(54,'hills.armando@marquardt.info','Nihil quia repudiandae cum rerum. Adipisci aspernatur hic voluptatem. Sit sit voluptatem hic corrupti. Dolorem tempora mollitia velit doloremque. Quo nihil eveniet sint ipsam quasi. Amet voluptas vitae odit est in delectus quisquam. Animi atque error suscipit non qui doloribus. S','Enim eos consequuntur fuga.','Mint','Computer game'),(55,'hipolito.wolf@kris.com','Veniam aperiam magni itaque numquam error. Fuga dolore saepe similique recusandae expedita facere aperiam aliquid. Est nihil et ipsa sit ducimus et dolore. Sequi sit quibusdam delectus. Et nulla explicabo unde ipsum blanditiis vel voluptatem. Ut voluptates vero nemo perferendis i','Voluptas eos ea.','Like New','Jigsaw puzzle'),(56,'hyman47@yahoo.com','Fuga quia autem dolorem libero repudiandae voluptatem qui nihil. Neque provident eos quod enim. Numquam quaerat consequatur non magni. Dolore dolorem sit maxime fugit. Eum qui et quia exercitationem beatae. Reprehenderit distinctio expedita eum libero repellat. Rerum corrupti et ','Quo vero.','Like New','Board game'),(57,'ida.goodwin@yahoo.com','Quaerat voluptas vel doloremque voluptas nesciunt error iusto. Suscipit modi aut praesentium ut eos nisi. Eius officia vel consectetur et. Minus sed optio quis et. Consectetur sint rerum est totam et est placeat quaerat. Eum molestiae quia quis. Provident debitis dolore tempora. ','Sunt excepturi sapiente ad.','Mint','Card game'),(58,'iherman@okeefe.info','Voluptatem earum officiis possimus occaecati. Vel et dolores mollitia qui omnis. Odit omnis et repellendus sit quis vel sit voluptas. Iusto et excepturi et velit aut. Dolores sapiente ab sunt est nam qui. Debitis fuga illum aut. Ipsam rerum qui doloribus ipsam velit amet. Minima ','Commodi et sit eum.','Mint','Board game'),(59,'irau@gmail.com','Est fuga veritatis et aliquam. Dolorum inventore enim et sit sunt voluptate. In laboriosam cum placeat corporis aut sunt et. Sunt omnis sit reiciendis perspiciatis voluptas. Voluptatem debitis ut ut quos soluta tempora nobis ducimus. Pariatur itaque cupiditate tempore cum. Rerum ','Nesciunt non numquam modi officiis.','Like New','Computer game'),(60,'isaiah05@tremblay.com','Dicta voluptates totam rerum ut. Ipsam esse maiores ipsa ab qui est. Explicabo sapiente odio qui est facilis molestiae hic. Debitis corporis accusantium voluptas enim sapiente. Assumenda nam voluptatem rerum maiores ut. In nisi doloremque repellendus labore. Similique totam corpo','Ea repellat accusamus deleniti.','Damaged/Missing parts','Card game'),(61,'iwisozk@schmeler.com','Omnis blanditiis cum vel officia sapiente omnis et. Nisi deserunt occaecati quidem aliquid ut et. Sed voluptatem saepe et. Possimus nihil blanditiis enim dignissimos rerum sit. Et facere nostrum et excepturi nemo commodi maxime suscipit. Placeat dolorem est vel provident. Incidun','Necessitatibus doloribus rerum.','Heavily Used','Video game'),(62,'jaclyn.parker@hotmail.com','Corporis reiciendis provident sint in labore. Porro aliquam quod asperiores fugiat fugiat aut. Autem dolor necessitatibus ipsam beatae. Exercitationem quia corporis qui. Sunt voluptas quia ut consectetur ducimus. Voluptas recusandae laboriosam mollitia enim harum. Libero illo acc','Non occaecati aut.','Like New','Video game'),(63,'jacobi.duncan@jakubowski.org','Exercitationem aut facilis odio repellendus. Veniam non suscipit blanditiis eius. Id blanditiis consequatur temporibus magnam explicabo qui qui. Officiis possimus est magnam. Quaerat quod et dicta atque vero id ut. Inventore facere expedita iusto voluptate aut voluptates et modi.','Aut dolores qui.','Moderately Used','Card game'),(64,'jena46@bartonfadel.com','Est est similique est at. Qui architecto id autem. Vitae inventore ipsa voluptatem vel qui. Laborum magnam eum est vero. Hic harum accusamus a sapiente fuga placeat minus. Eum ut molestiae voluptate. Nam voluptatem et officia quia repellat.','Vel consequuntur aliquam rerum ut.','Damaged/Missing parts','Video game'),(65,'jkoelpin@yahoo.com','Qui rerum architecto et similique molestiae cumque. Officiis consectetur aut qui nisi est esse assumenda. Culpa ducimus sint in inventore. Aut deserunt deleniti eum nostrum vel est omnis vel. Hic quibusdam dolorum ab in adipisci quasi. Deleniti et ullam et error. Incidunt dolor a','Magnam quia sit.','Heavily Used','Jigsaw puzzle'),(66,'kelsie44@yahoo.com','Omnis unde ut voluptatem deleniti facere totam tenetur. Consequatur rem nesciunt illum et at. Neque dolor error incidunt est itaque ea. In reprehenderit sint non velit tempora. Libero quisquam quidem distinctio enim vitae quidem. Qui sequi sunt et eligendi aut nostrum repellendus','Nam eveniet exercitationem.','Lightly Used','Jigsaw puzzle'),(67,'kerluke.buddy@wilderman.net','Aut harum illum sint eveniet qui molestiae quod. Autem saepe et perferendis et eaque voluptas nisi. Tempore voluptas repellat ipsa adipisci non sapiente. A id architecto nobis unde accusamus expedita dolores molestiae. Minima qui consequuntur consectetur voluptatum ipsum. Cupidit','Non porro ut voluptatum.','Heavily Used','Computer game'),(68,'kertzmann.mose@gmail.com','Autem amet quod sint enim iusto a culpa. Tenetur ut vel velit inventore odit. Illo deserunt fugiat eius ut sunt et. Porro modi eligendi voluptatum culpa magnam. Sed iure est non ex ratione. Possimus dolores dignissimos alias rerum totam sint. Consequatur ullam sit aut ea aut. Lau','Libero sed qui.','Heavily Used','Board game'),(69,'kling.freeda@hotmail.com','Aut rerum voluptatum voluptas necessitatibus natus id repellendus. Quia aut assumenda et similique sunt. Exercitationem et officiis eius debitis quia. Aut et et unde veritatis sapiente nam. Aliquid aperiam harum explicabo recusandae hic. Omnis beatae dignissimos doloremque minus ','Consectetur quia velit.','Like New','Card game'),(70,'koch.darrel@bayerwaters.info','Ducimus corrupti dolorem quibusdam sunt dolorem esse. Quaerat fugiat earum aliquid dolorem. Quasi iusto odio voluptas aliquam aut maxime a. Eveniet ex alias saepe autem ducimus veniam. Rerum voluptatum vero modi sed. Et explicabo deleniti est sed occaecati aut. Consectetur qui cu','Voluptas nesciunt et in.','Mint','Computer game'),(71,'kohler.antonietta@kulas.net','Consequatur nemo cupiditate reprehenderit autem esse veritatis. Tempora doloribus voluptatem quo commodi dolor. Aut qui quidem ea corrupti et similique. Assumenda est ut reiciendis officia est debitis. Ea animi nihil minus. Earum optio culpa harum similique et eum. Aut aliquid be','Est quas natus.','Moderately Used','Card game'),(72,'korey87@lindgrenstoltenberg.com','Saepe excepturi tempore minima minus unde sapiente. Aperiam praesentium voluptatibus quis eaque rem quia voluptatem commodi. Consectetur veniam corrupti ipsa corporis nemo aperiam. Minus non quis soluta veritatis. Necessitatibus eum repellendus sit autem. Et unde excepturi est ap','Autem modi tempora perferendis explicabo.','Moderately Used','Video game'),(73,'kreiger.zelda@wuckertullrich.com','Voluptas beatae voluptas distinctio incidunt voluptates nihil. Veniam sed dolor praesentium ut veritatis deserunt. Molestias non aut veritatis expedita voluptates. Dolorem non voluptatem ut illum. Corporis nihil unde nulla soluta voluptas excepturi et. Facere aperiam maiores vel ','Dolorem ut molestiae.','Heavily Used','Card game'),(74,'kristian60@predovic.org','Cumque fugiat ut velit aut sapiente. Repudiandae dolore libero nihil sunt expedita aut. Debitis nisi quia accusantium repellendus quia. Numquam molestiae quaerat beatae sunt fuga. Nemo non aut pariatur nihil beatae explicabo delectus harum. Atque temporibus blanditiis porro. Tota','Nisi eius est.','Lightly Used','Computer game'),(75,'kshields@hotmail.com','Placeat sit sed quaerat ut rerum reprehenderit odio. Quisquam aut recusandae eum molestiae. In facere molestias aliquid accusantium et atque dolores. Est quidem molestias saepe. Assumenda libero qui consequatur. Ad repellendus ipsa quibusdam voluptatum explicabo illum natus. Dolo','Quis officiis officia harum.','Lightly Used','Board game'),(76,'lakin.eldred@welch.com','Omnis distinctio eveniet qui. Est quia expedita aperiam quod aut qui quia. Distinctio tenetur possimus vero aut omnis et. Ut pariatur incidunt magni sit fugit harum. Aspernatur et molestiae reiciendis. Voluptas culpa dolore in a provident quo expedita. Ut laboriosam rem quidem ut','Placeat sint ipsam.','Heavily Used','Jigsaw puzzle'),(77,'langosh.marques@gmail.com','Rerum sed debitis qui aut assumenda sed nulla. At officiis et explicabo sint numquam voluptatem. Laudantium omnis assumenda vitae quod nostrum quis. Quae ut tempore iure modi enim. Asperiores incidunt magnam autem repellat eligendi excepturi. Quam error et animi facere dolores co','Nostrum voluptatem aut quidem.','Like New','Card game'),(78,'lavon.schiller@yahoo.com','Aut nulla delectus corporis libero sunt nulla. Explicabo incidunt facere omnis laborum. Saepe asperiores repellendus qui sit dolor. Culpa voluptatem qui debitis veritatis nobis sint nisi ut. Inventore accusantium voluptatem dolorem nihil et ab. Occaecati sed enim accusantium qui ','Et sunt aut corrupti.','Like New','Card game'),(79,'leanne.kunde@roob.com','Ut enim nobis quam est sit. Ipsam aspernatur nihil rerum non numquam aliquid qui praesentium. Sit quibusdam sit rerum officia harum. Ducimus architecto omnis qui vitae fuga facilis unde. Quisquam quos at eaque velit sit. Quas rerum quod dolor sunt labore. Amet illum rem consequun','Fugiat quis iusto.','Lightly Used','Video game'),(80,'leonora60@purdy.biz','A qui ea consequatur. Molestiae dignissimos voluptatem molestiae esse id animi ducimus. Eaque accusamus perferendis officiis neque voluptatum unde. Est ab consequuntur porro consectetur sit in. Quo fugit vero est veritatis reiciendis odit. Recusandae consequatur sed qui laboriosa','Modi est magnam ea.','Moderately Used','Card game'),(81,'lonie.kutch@marksmiller.net','Est non vero sed rem soluta eum. Beatae nemo est est aut officiis ex nemo. Impedit odio non culpa quasi nihil animi. Nemo velit assumenda voluptas et distinctio veniam sed rerum. Adipisci neque blanditiis rem omnis doloribus porro cumque. Quia doloribus enim ut qui labore nostrum','Accusamus suscipit.','Like New','Computer game'),(82,'lucile.ortiz@hotmail.com','Aperiam laborum at soluta et quis alias. Ut beatae quod veritatis deleniti voluptas. Voluptates enim vitae maiores beatae rerum modi. Eligendi ab eum praesentium quo officiis aut. Odit nam voluptas soluta et pariatur nemo sequi. Delectus sapiente similique incidunt porro sint cor','Dolorem porro quis odio.','Mint','Card game'),(83,'luettgen.gilbert@emmerichgleichner.biz','Suscipit facere placeat facilis nihil incidunt in fugiat. Eius asperiores ut provident eius aut iste impedit iure. Voluptas distinctio consequatur rerum distinctio. Natus in at ea ab enim aut. Rerum commodi vel quia culpa necessitatibus. Tempore et libero quis. Et voluptates volu','Dolore voluptatem temporibus.','Lightly Used','Computer game'),(84,'madie40@reillymertz.com','Omnis velit veritatis fugiat animi incidunt perspiciatis. Officia perspiciatis modi dolor et et rerum temporibus. Quia eius dolor magni aperiam eligendi nostrum. Est culpa rerum perspiciatis. Modi neque reprehenderit voluptatem autem. Saepe consequatur reiciendis et facilis. Sit ','Neque sed quos et.','Damaged/Missing parts','Computer game'),(85,'margret.ullrich@gleichner.com','Commodi voluptas sed nam quis quia non. Et quia sit maiores sit expedita corporis quis. Eius perspiciatis aliquam sequi consequatur aut eaque ipsa. Eveniet dolor unde quo voluptas nostrum omnis. Eum nihil et sunt. Odit et excepturi iusto quasi tenetur hic incidunt. Pariatur et la','Ad voluptas blanditiis asperiores.','Lightly Used','Board game'),(86,'mbartell@gerlachschultz.net','Voluptates corporis quibusdam laborum ducimus sapiente nihil repellat. Cumque quia illum omnis odit dolorem natus iste. Amet voluptatem molestiae voluptatem sit voluptatem. Et inventore sequi qui rem. Mollitia omnis dolorem aut id minus sint alias. Unde sed aut repellendus amet q','Itaque dolore.','Mint','Video game'),(87,'meaghan.schuster@hilpert.info','Natus inventore illo eum. Quae quidem et et nobis molestiae ea. Consequatur sed ut enim saepe. Nulla expedita quia praesentium molestiae. Earum sit magni consequatur voluptate eius. Sed ipsum suscipit et et incidunt. Quod sit magnam cumque est voluptatibus pariatur consequatur ha','Nihil et et.','Heavily Used','Video game'),(88,'melyssa11@bernierlakin.info','Et repellendus est ut et laudantium. Similique est dolores voluptatum voluptatem quis voluptas ut. Vel rerum est ipsa debitis blanditiis fugit. Neque neque quam reprehenderit molestiae eveniet sed reiciendis. Voluptatibus consectetur natus fuga eius dignissimos. Sit voluptas exer','Ipsa est possimus possimus illo.','Moderately Used','Card game'),(89,'michaela55@gmail.com','Cumque et doloremque ipsa. Vero necessitatibus quis distinctio voluptates sed quia pariatur voluptatem. Sint vitae unde non. Assumenda atque expedita quia ullam tempora. Et et id qui ratione delectus aperiam. Illo sit vero ipsa ipsa amet eos sed. Aliquid numquam officiis distinct','Perspiciatis et corporis repellat.','Heavily Used','Jigsaw puzzle'),(90,'milton38@yahoo.com','Et quasi esse quia. Minus ab aut aut ratione omnis quia dolor reprehenderit. Odit esse recusandae est sit necessitatibus. Et dignissimos voluptates et laborum beatae nihil non. Impedit rerum voluptatem quod nihil sequi quia ipsum molestias. Sequi cupiditate deleniti rerum. Eligen','Beatae et cumque.','Heavily Used','Board game'),(91,'moen.jonathon@kirlin.com','Ea molestias sit sit id perspiciatis et. Ut repellendus ipsum neque ducimus. Enim soluta voluptas quisquam non molestiae quia. Sequi et qui sit non. Voluptatem earum molestiae iusto saepe necessitatibus eum architecto. Et qui quod blanditiis. Commodi dolorem voluptatem temporibus','At reiciendis architecto odio harum.','Mint','Jigsaw puzzle'),(92,'mohammed.schowalter@von.com','Velit delectus debitis corrupti numquam ullam. Eveniet officia error animi eum. Aspernatur dicta expedita recusandae. Non explicabo distinctio maxime ipsum. Eveniet id quae fugit nulla. Sed placeat dolorem sunt voluptas qui doloribus perferendis. Cupiditate et qui quas tenetur od','Beatae at praesentium.','Moderately Used','Card game'),(93,'mose.purdy@yahoo.com','Quam eveniet non id quidem iusto tempore. Quas nulla ipsa voluptates ex aut. Ad doloremque veritatis nostrum debitis voluptates dolores doloremque. Ipsa placeat mollitia voluptatem praesentium quos laboriosam doloribus sequi. Quas hic deserunt quod vel eos et magnam. Nihil volupt','Aut illo.','Heavily Used','Board game'),(94,'mraz.sylvia@legros.info','Maxime dignissimos illum cupiditate sunt. Reprehenderit eaque aut libero earum dolore sint ratione. Voluptas distinctio sed consequatur similique quia repellendus rerum reiciendis. Eaque dicta dolor tempore voluptas dolorum ducimus nemo. Dolorem accusantium ducimus voluptatum nes','Ea hic quibusdam.','Damaged/Missing parts','Video game'),(95,'murazik.nathan@kshlerinkessler.com','Sed omnis architecto qui veritatis autem dolores. Error aut vel in id quos qui expedita fugiat. Labore consequatur nemo non. Quia amet natus recusandae tempore. Cupiditate dolor inventore aut rerum laborum a deleniti aut. Reprehenderit voluptas tenetur harum quia temporibus magna','Quo nulla qui.','Heavily Used','Jigsaw puzzle'),(96,'nestor.haag@gulgowski.com','Et ut qui voluptas sed magnam non voluptatem. Et ut aut fugiat rem. Sed id atque aperiam aut delectus. Aut cum autem ut minus voluptas. Temporibus quia officiis quisquam ut dolores. Soluta exercitationem libero veniam quis architecto corrupti ut. Ut pariatur quia temporibus asper','Impedit cumque voluptas in.','Moderately Used','Board game'),(97,'nicola12@boganoconner.com','Rerum perspiciatis accusantium repellendus eius minus. Fuga quia qui voluptatum. Deleniti vel sed corporis. Commodi qui est nemo et ducimus. Cum minima sit quasi et expedita. Quia suscipit et dignissimos. Enim possimus magni ducimus mollitia dolorem voluptates qui. Fugiat quam vo','Similique recusandae eos.','Mint','Computer game'),(98,'o\'conner.leila@yahoo.com','Impedit modi animi sunt alias. Cumque iusto non sit omnis et quos eos quas. Earum et in illo occaecati explicabo. Quo a impedit ut beatae dignissimos quis. Voluptas totam suscipit laboriosam neque. Autem aliquid dolore quis voluptatibus unde ut vel. Ratione praesentium quos tenet','Enim doloremque provident omnis.','Moderately Used','Video game'),(99,'ohilll@hotmail.com','Assumenda excepturi atque velit qui. Quia ex aut quod repellendus. Sit architecto deserunt enim est exercitationem beatae animi maiores. Quidem eos quo sit nobis pariatur. Omnis in minus sint est atque possimus aperiam. Labore nemo amet soluta distinctio distinctio et rerum. Repe','Quasi facere eaque.','Like New','Board game'),(100,'orie06@gmail.com','Repudiandae inventore aut unde qui. Et architecto possimus fuga architecto laboriosam rerum. Molestias ut inventore sit. Officia quaerat ducimus nisi id. Maxime et vitae enim soluta est est. Nisi eius quos ab tempora voluptatem aperiam. Sed quidem maiores voluptate. Velit et aspe','Tenetur tempora officiis.','Lightly Used','Board game'),(101,'orn.eldridge@gmail.com','Qui aliquid illum vel neque rem ipsam culpa excepturi. Mollitia est nostrum ea vero hic. Repudiandae nemo suscipit dignissimos quasi velit. Eligendi minima doloremque culpa dolor. Laboriosam temporibus voluptatem earum a ipsam. Quibusdam assumenda nemo occaecati a. Iure voluptate','Eum quae ipsa omnis.','Mint','Video game'),(102,'osinski.hal@hotmail.com','Earum aut sed quisquam dicta delectus dolores. Incidunt sapiente est unde quas aut incidunt nulla nam. Quia ut sit aliquid modi rerum. Sit facilis at facere dolores veritatis. Asperiores qui quaerat doloribus aliquam eos est et. Et vitae illo hic quidem. Dolores quidem aut conseq','Amet fugit non.','Damaged/Missing parts','Video game'),(103,'owyman@haagkiehn.com','Est iste ad enim odit libero quia. Fugiat culpa cumque quod accusamus. Magnam alias repellat quia earum. Eveniet voluptatem vel velit autem. Iure dolorum id quaerat consequatur sit doloremque. Et fuga beatae quod minima quam voluptatem sit ipsum. Autem quasi est qui voluptatem el','Voluptas porro ut.','Lightly Used','Computer game'),(104,'palma19@harveygoldner.com','Voluptas porro aliquam aliquam et molestiae eligendi velit non. Eaque dolorem quod repudiandae doloribus autem et et. Adipisci similique ut et tenetur necessitatibus. Optio quod hic est est molestias at. Non aut earum blanditiis voluptatem. Nihil qui dolorum consequatur ipsa est.','Est porro consequatur consequatur.','Heavily Used','Computer game'),(105,'paucek.bridgette@effertzaufderhar.biz','Aliquam sed est quo beatae vero autem facilis. Voluptas ullam maxime beatae et. Provident asperiores consequatur reprehenderit cumque inventore quia quam laborum. Enim ut repellat quo laboriosam consequuntur sunt. Neque nesciunt qui et non deserunt autem temporibus. Aliquid cum e','Reiciendis quos consectetur.','Heavily Used','Video game'),(106,'powlowski.maryse@hotmail.com','Numquam et consectetur sapiente qui vel occaecati. Quasi assumenda eligendi mollitia ex nostrum nisi quis. Blanditiis et pariatur facilis eveniet adipisci. Inventore laboriosam qui velit hic et repellat vitae aut. Soluta in sed ut recusandae dolorem. Omnis error ut expedita tenet','Rerum reprehenderit ut.','Heavily Used','Card game'),(107,'prosacco.ernestine@hotmail.com','Officia dolorem dicta eos iste odit accusamus sed. Dolore modi quibusdam enim veniam. Voluptatum ea numquam dolorem nobis. Aspernatur fugit est quaerat at et voluptas. Est quod temporibus illo ut officiis. Quia architecto odio eos ratione dolorem. Odit repellat harum eius similiq','Consequatur eveniet eius accusantium.','Heavily Used','Video game'),(108,'quitzon.amari@ernser.com','Quia blanditiis dignissimos quis nesciunt numquam rerum sit accusantium. Neque ullam explicabo repudiandae quam quidem qui suscipit. Aut voluptates magni dolores. Itaque minima necessitatibus et quasi quae hic. Recusandae quasi ut fuga harum saepe quia consequuntur. Rem sint iure','In et itaque.','Damaged/Missing parts','Card game'),(109,'rcollier@padberg.com','Ducimus quia asperiores rem modi debitis. Consequuntur voluptatem beatae quod totam repellat et quibusdam facere. Nesciunt et assumenda magnam optio provident quam. Iure at consectetur porro ut dolore harum voluptates. Consequuntur eum minus doloremque facere eius. Alias vel qui ','Molestiae dolorem.','Damaged/Missing parts','Video game'),(110,'rico.kling@bechtelar.com','Accusamus ipsa sapiente vitae at enim et aliquid. Dolorum explicabo amet rerum omnis. Corrupti sit voluptatem molestiae officiis qui iusto. Dicta aut sint eum. Sunt voluptates nesciunt ex esse unde. Exercitationem adipisci qui totam ipsam iste. Nulla qui ipsa placeat sed quis mol','Officiis quasi eos laborum.','Moderately Used','Jigsaw puzzle'),(111,'ritchie.emmet@goodwinmckenzie.com','Qui qui ab nihil optio iure eveniet ab ut. Tempore temporibus quis exercitationem placeat ex exercitationem id. Optio nesciunt culpa est doloremque adipisci. Facere doloremque odio eaque cumque earum nihil. Quisquam tempore atque possimus. In adipisci velit amet a necessitatibus.','Laborum eos cupiditate dolore non.','Mint','Board game'),(112,'robel.fabiola@lowe.net','Saepe nesciunt modi odio et. Quidem voluptas modi repellat amet. Quas ea odit voluptas. Alias qui accusamus modi sit ea non accusantium dolorem. Voluptas dolores aperiam et mollitia aperiam molestiae nisi ratione. Aperiam similique ut cum at. Molestiae magni facere minus vitae. C','Iure reprehenderit sed.','Lightly Used','Video game'),(113,'rogelio56@hotmail.com','Eaque repellat sunt quasi quas dolor numquam. Non corporis distinctio non et earum officia. Rem provident dolorem dolor eveniet. Occaecati quaerat esse recusandae sit occaecati. Fugit est ut ut quae doloribus odit adipisci. Rerum aut dolorum vero eum animi. Deleniti repudiandae l','Aut quidem exercitationem qui.','Like New','Card game'),(114,'rollin83@hauck.com','Veniam sit nihil aut reiciendis sint at. Quasi dolor eligendi adipisci error est consectetur. Omnis qui officiis ut fuga earum voluptatem. Vero eius maxime accusamus non molestias animi iste. Deserunt saepe dolor hic dicta consequatur aliquid voluptates. Libero est ex voluptatum ','Reiciendis aspernatur rerum nisi.','Lightly Used','Video game'),(115,'rosemarie11@leschhansen.com','Voluptatem sed maxime sit et illo sit hic quis. Amet aut blanditiis omnis aut necessitatibus. Sint ab qui voluptatem. Et reiciendis odit saepe rerum. Aut aliquid sapiente voluptatem eveniet. Molestias expedita rem cum molestiae. Dolorem non exercitationem doloribus recusandae eum','Vel iste consequuntur.','Damaged/Missing parts','Jigsaw puzzle'),(116,'ruth65@yahoo.com','Aut ipsa eum alias laudantium sunt ut vel in. Hic eveniet tempora consectetur explicabo ut vitae ut repellat. Aliquid corporis dicta vel nihil velit. Ipsam nemo voluptates quas quia et molestiae error. Explicabo nisi quo consequatur quo quia. Dicta dicta incidunt ratione rerum. O','Nisi veritatis quia.','Damaged/Missing parts','Video game'),(117,'sabrina.osinski@gmail.com','Dolorum quo et velit. Rerum possimus consequuntur sed recusandae. Non aut dolorum qui at magni aut est. Omnis molestiae et veritatis inventore. Vel dolorem nesciunt placeat incidunt natus harum earum. Quia quia aperiam esse non. Neque voluptas autem fugit eos commodi est architec','Dolores et vero.','Heavily Used','Computer game'),(118,'satterfield.mikayla@roob.com','Nobis dignissimos autem exercitationem odio amet. Earum incidunt vel nobis ipsa exercitationem quas optio. Nisi ad eveniet nemo et. Soluta eos reprehenderit et similique velit est. Rem exercitationem enim rerum consequatur. Accusantium voluptas beatae atque maiores. Eligendi even','Maiores ipsa nemo aut.','Heavily Used','Video game'),(119,'sawayn.dangelo@lindgren.com','Quidem dolorum et tempora temporibus qui mollitia. Architecto ratione odit veniam magni repudiandae nobis ad. Itaque dolor accusamus quae officia non animi. Aspernatur aut ratione amet voluptas ratione at. Quia sint sit vitae praesentium consequatur. Doloribus ut aliquam eius sit','Et aut aut.','Lightly Used','Video game'),(120,'sbergnaum@gmail.com','Officiis non dolorem ab. Blanditiis reprehenderit et corrupti at est quo aut. Laborum ipsa eos perspiciatis accusamus quis fuga. Similique consequatur cumque asperiores perspiciatis aspernatur sunt. Voluptatum expedita non dignissimos qui reiciendis aut enim. Qui ipsum et impedit','Unde asperiores.','Lightly Used','Card game'),(121,'shanahan.deion@ankunding.com','Mollitia rem similique tenetur dolor sit. Omnis vitae rerum earum. Ea accusantium et velit vero. Voluptatibus aut aliquid ducimus dolorem dolor et reiciendis maiores. Alias molestias molestias dolorem corrupti sapiente non. Nostrum optio explicabo quia eos in velit. Est mollitia ','Perspiciatis ratione possimus.','Like New','Board game'),(122,'sheldon53@gmail.com','Magni sed impedit quaerat ipsam. Enim quo animi at labore sint fuga dolor. Ipsum rem eos recusandae est. Aspernatur rem modi quia consequatur qui voluptatem tempora. Voluptate ut id reiciendis molestiae iusto ducimus facere. Et laudantium sed ut ducimus fugiat. Nisi aut doloribus','Sint laboriosam pariatur voluptate.','Damaged/Missing parts','Jigsaw puzzle'),(123,'skoss@hotmail.com','Voluptatem repellat ex ullam rerum pariatur quasi. Alias voluptatem suscipit eum ratione aliquid eos. Omnis libero ex optio modi eius nisi. Vitae eum quia consectetur pariatur. Vel tenetur nemo natus vel porro perferendis facilis. Repellat assumenda nostrum nulla explicabo dolore','Vero voluptate culpa.','Moderately Used','Card game'),(124,'sonya33@hotmail.com','Asperiores temporibus ad quod. Quisquam temporibus ut consectetur et illo ipsum. Magnam aut rerum et omnis. Quia asperiores culpa harum voluptatem enim natus. Hic voluptatem delectus soluta iure. Sunt qui placeat corrupti assumenda. Quibusdam et necessitatibus ut quia consequatur','Maiores architecto.','Heavily Used','Video game'),(125,'stacy29@abbottreichert.org','Inventore id perspiciatis perspiciatis ea. Vitae voluptatem consequatur provident. Mollitia omnis et similique esse. Quod voluptatem eligendi magni. Distinctio quo consectetur ut minus sit rerum. Perspiciatis repellat et dolorem quia eaque quaerat rem. Est corrupti cumque expedit','Esse occaecati tempora.','Mint','Computer game'),(126,'stewart.will@stromanschamberger.com','Nobis facilis et ad at. Sapiente sequi id ut omnis. Quasi quia libero vel voluptatem praesentium perferendis porro. Architecto hic nesciunt quae quia praesentium. Animi nam quam sunt soluta provident et corrupti. Expedita debitis sint odio id. Illum ea aliquam sed sunt consequatu','Deserunt quos consequatur.','Lightly Used','Board game'),(127,'sydnee.mosciski@hotmail.com','Non non voluptas recusandae dolor beatae. Dolor qui minima ad doloremque sint eveniet voluptate dolorem. Commodi dolore sit mollitia omnis sint. Sunt blanditiis eos molestiae et et qui sunt. Corporis sunt voluptatem optio. Sunt maiores molestiae placeat qui cupiditate vel. Id aut','Ut occaecati ipsam aut.','Heavily Used','Board game'),(128,'talon.bechtelar@yahoo.com','Temporibus perspiciatis voluptatem porro sapiente maiores id est reprehenderit. Molestiae assumenda sequi voluptatibus voluptas qui sed aut molestiae. Nisi beatae dignissimos deserunt quia ducimus quas nihil nam. Tempora laborum ipsam dolores iste. Nisi non nihil voluptas molesti','Aspernatur aliquid quia ut.','Heavily Used','Card game'),(129,'tdach@mcglynn.com','Minima commodi voluptatem ut consequatur. Accusamus dolore quia dolorum tempora ut ratione. Placeat voluptas omnis est aut voluptates sint at. Mollitia sint qui maiores autem. Ex aut dolorum sapiente fugit. Voluptates ut sint voluptatem dolores sequi velit aspernatur et. Voluptas','Rerum iusto non ut.','Heavily Used','Jigsaw puzzle'),(130,'terrill.doyle@hotmail.com','Nemo est et adipisci minus. Est tempore id saepe in. Harum quidem dolor ipsum quia nesciunt. Ab expedita dolorem minus est amet amet. Ullam cupiditate et non quia tempore atque. Quo aut eum beatae. Quia quas voluptatibus qui et tenetur iure illum asperiores.','Fugiat odit et.','Mint','Jigsaw puzzle'),(131,'tevin.rau@wiegandkuhlman.com','Provident non dolore et quidem sunt et quam. Dolor rerum molestiae aperiam ab dolor. Laboriosam molestias distinctio ad est. Expedita placeat ratione nesciunt quos nobis officia quia. Dicta iusto est minus quo distinctio. Fugiat velit magni sit nobis provident voluptatem cumque e','Sunt libero.','Like New','Jigsaw puzzle'),(132,'thea.witting@metzboyle.com','Temporibus ratione sequi in autem est odio voluptatem. Doloribus velit rerum saepe et modi nobis aut. Doloribus eos autem quia. Veritatis delectus sunt debitis ipsum architecto consequuntur aliquid. Reiciendis impedit hic quasi voluptates ut corrupti. Voluptatem ut quidem corpori','Sapiente autem velit.','Like New','Card game'),(133,'travis85@gerhold.com','Deleniti alias distinctio quia debitis rerum. Et sunt odio temporibus odit quia officiis vero. Officiis et distinctio et nesciunt. Ut nesciunt hic quas sit. Maiores a ab est autem. Et dolor in suscipit nostrum aut provident. Qui rerum doloribus provident quidem. Quaerat amet repe','Quia autem odit.','Damaged/Missing parts','Board game'),(134,'ublock@wiza.com','Praesentium beatae necessitatibus molestiae a aut. Consequatur et nam quidem laborum quam. Pariatur enim at inventore. Ipsam tenetur omnis minus quod non esse. Et vero nisi dolorem repellat debitis minus. Ut incidunt numquam laboriosam eaque et. Qui sit soluta omnis omnis repella','Est autem provident.','Heavily Used','Board game'),(135,'uhoeger@gmail.com','Eos facilis rerum hic velit hic. In occaecati a temporibus occaecati ea modi illo qui. Quia pariatur culpa dolore possimus possimus placeat vitae. Ut ut rem qui. Accusamus et tempora placeat sapiente cumque. Quo est est laborum sed ab dolorem. Rerum dolore commodi ut minima volup','Quo dolorem et corporis.','Mint','Card game'),(136,'ullrich.vincent@hotmail.com','Quisquam sit voluptatibus fugiat. Harum nihil omnis veritatis eligendi. Nesciunt illum est expedita ea blanditiis impedit. Qui rerum quia nulla culpa voluptatem eos. Quae molestiae ut et. Aperiam nulla harum in quo praesentium. Velit dicta doloremque quia. Molestias qui non est v','Repudiandae alias est laudantium.','Moderately Used','Board game'),(137,'uortiz@emard.net','Quam non tempore minima. Voluptatem est vel et animi sunt qui facilis. Quaerat aliquid dolores eveniet. Amet sunt et accusantium nobis sunt velit et. Deleniti impedit ipsa quia aspernatur asperiores quia culpa. Esse eos deleniti facere distinctio sint nihil ut. Nulla recusandae q','Omnis sunt.','Lightly Used','Card game'),(138,'uritchie@yahoo.com','Ratione natus accusantium vel cum similique. Unde quibusdam deleniti labore molestiae quo nam iste voluptas. Blanditiis nihil quis voluptas sed. Neque facere et laudantium mollitia laborum officiis reprehenderit. Quod perspiciatis error nihil. Ut facilis libero nostrum blanditiis','Earum qui in.','Like New','Video game'),(139,'ushields@gmail.com','Quisquam sit culpa id illum delectus cupiditate aut. Voluptate itaque suscipit magnam porro dolore. Rem a rerum et ullam qui repellendus ipsum omnis. Sit fugiat reiciendis qui inventore. Dolor dolore ex repellendus. Quibusdam nihil eos cupiditate odit animi ipsam deleniti qui. Si','Consectetur voluptate ut.','Like New','Card game'),(140,'vandervort.cathrine@vongottlieb.com','Exercitationem voluptatum deserunt commodi delectus. Sapiente aliquid nam rem rerum cumque molestiae. Dicta labore deleniti animi fugit exercitationem. Excepturi labore doloribus earum adipisci qui. Est quia reprehenderit asperiores atque rerum eum. Commodi deserunt sed et ration','Doloribus ut odio commodi.','Moderately Used','Board game'),(141,'vschmeler@prohaska.biz','Dignissimos quia vero expedita et. Est nisi recusandae voluptatem ipsa inventore sequi et. Aliquid et aut dolores culpa. Dolorem illo optio est aut quibusdam facilis illo. Necessitatibus labore distinctio et consectetur illo omnis fuga. Quisquam praesentium expedita aut fugit exe','Sequi doloremque alias.','Mint','Video game'),(142,'walsh.reyes@miller.com','Inventore tempora ipsam omnis hic praesentium et. Voluptatum non eos ut consequatur quae labore quos architecto. Modi et quidem architecto. Recusandae ut nisi id maxime atque perferendis. Quidem eius nam molestiae. Voluptate qui molestias autem blanditiis accusamus aut id. Aliqui','Doloremque maxime voluptatum.','Mint','Jigsaw puzzle'),(143,'watsica.jamey@auer.biz','Quaerat corrupti molestiae et. Exercitationem quis corporis sed maxime cumque libero fuga. In eaque eveniet qui sunt. In quidem error ut et dolorem. Nisi sequi corrupti nihil alias minima. Et velit nobis quam earum aliquam quas voluptate quasi. Voluptatem id ducimus cumque exerci','Expedita voluptatem molestiae maiores.','Lightly Used','Card game'),(144,'willms.jewell@yahoo.com','Qui sequi perferendis ut ut. Et rerum dignissimos at itaque nostrum id praesentium. Distinctio eos occaecati et in. Et non mollitia dolorem sequi ex voluptatum dolores error. Similique et aperiam magnam voluptatibus eum enim reiciendis. Et reiciendis et expedita ipsam sunt. Numqu','Doloremque voluptatem modi tenetur.','Mint','Board game'),(145,'wpacocha@gmail.com','Ipsam eos et mollitia eos non. Praesentium voluptatem quam maxime incidunt doloremque laborum laboriosam qui. At fugiat quod distinctio voluptatem eum sit illo. Neque quae consectetur explicabo nesciunt. Alias ea aut est ipsum aliquid asperiores doloribus. Rerum ut laboriosam qui','Est asperiores est.','Heavily Used','Video game'),(146,'xlind@yahoo.com','Expedita ipsa vel dolores accusamus odio quas inventore. Suscipit sunt vero est voluptas. Sit libero et et laudantium molestiae neque sit autem. Vero laboriosam necessitatibus explicabo. Dolore laboriosam voluptate aut repudiandae veniam. Aspernatur voluptate rem aspernatur vero ','Recusandae praesentium vel aut.','Mint','Jigsaw puzzle'),(147,'yasmine.kutch@kunze.biz','Consequatur voluptas sunt nobis dolores ullam. Officiis aut qui deserunt atque excepturi ratione. Vel ex ad vel quos. Eos sit placeat in numquam. Natus veniam deleniti velit eius modi ipsum quis. Hic iure et occaecati itaque eum. Perspiciatis eum ut saepe exercitationem cumque. L','Aliquam consequuntur inventore.','Mint','Video game'),(148,'yschumm@hotmail.com','Voluptatem impedit provident quos veniam corrupti aliquam. Non voluptate dolor reprehenderit illo dolorem. Aliquam et enim laborum in. Sed sed dolorem non voluptatem accusamus quas. Voluptatem adipisci praesentium officia nemo tempora autem. Sed et et voluptatem. Nihil natus non ','Excepturi atque ut.','Moderately Used','Jigsaw puzzle'),(149,'zstroman@kessler.com','Laboriosam earum molestias quos similique eveniet quae expedita est. Laborum reprehenderit consequatur omnis ex quasi quas mollitia. Error alias amet delectus voluptatibus sint. Laborum culpa maxime aut aperiam eum quisquam. Blanditiis et laudantium voluptatem. Voluptates suscipi','Sit eligendi qui.','Heavily Used','Board game'),(150,'zwolf@strosin.com','Sed dolorem fugiat sed omnis animi illo aliquid. Quia qui sit rerum voluptatibus nesciunt ipsum at est. Nihil a tempore aliquid dolores placeat molestiae laborum. Tempora laudantium maiores dolorem distinctio labore hic. Placeat quidem hic eum beatae non itaque. Nemo omnis nihil ','Illo optio.','Damaged/Missing parts','Computer game'),(151,'abernhard@gmail.com','Sint modi magni dignissimos voluptas est tenetur eius. Officia omnis doloremque commodi temporibus facilis officiis nihil. Quos et et temporibus eligendi ea itaque. Nam soluta minus est ut quisquam tempora ut. Quia unde dolorum quibusdam. Perspiciatis ex totam aspernatur incidunt','Aut laboriosam quibusdam.','Heavily Used','Computer game'),(152,'adalberto54@torpwolff.com','Est qui culpa doloribus adipisci. Eos dolores occaecati nihil natus qui recusandae laudantium vel. Eius libero ab enim aliquam vitae et officia unde. Veritatis in quo sed itaque est. Vel hic molestiae est architecto voluptatem non. Omnis aliquam rem molestiae corporis perferendis','Excepturi molestias reprehenderit.','Heavily Used','Video game'),(153,'adriana00@windler.com','Est quidem voluptatem eveniet. Et non temporibus autem facere fugit et. Ad occaecati et et est ducimus nostrum. Consequatur omnis et iusto necessitatibus sint facilis est. Enim quos aut sapiente cupiditate distinctio magni. Exercitationem iste facilis quis earum qui est. Ut aliqu','Et error.','Moderately Used','Computer game'),(154,'adriel31@yahoo.com','Soluta qui officiis quia perspiciatis magnam perspiciatis. Voluptatum aliquid molestiae aut est. Sunt nesciunt consequuntur aut iusto. Rerum veritatis possimus dignissimos quaerat. Cum eos est qui adipisci quod consequatur ipsam. Quos reiciendis sequi ipsum et libero voluptas. In','Explicabo aliquid accusantium.','Lightly Used','Video game'),(155,'agnes42@hotmail.com','Et eos saepe eveniet et. Ut omnis accusantium perferendis nesciunt minus. Nesciunt dicta sunt suscipit distinctio illo hic vel. Velit ex fugiat fuga explicabo repudiandae. Consequatur et enim voluptates consequatur. Dignissimos sed dicta sit unde aut. Eveniet consequatur sint nob','Et dolores quia.','Lightly Used','Card game'),(156,'alexandria06@hotmail.com','Nihil minus eaque sed et. Quae cumque fugiat nulla quae. Ipsum natus corrupti est cum recusandae. Ex dolores et repellat quis. Molestiae ipsa laborum soluta recusandae in dolores esse. Eligendi amet doloremque eaque dignissimos voluptas deserunt. Consequatur ipsum aperiam adipisc','Odio repudiandae commodi et.','Mint','Board game'),(157,'armand20@reichelgreenholt.info','Sequi labore ipsam ipsum aut quod quibusdam. In officiis consequuntur animi nam suscipit quia aperiam facilis. Odio neque excepturi eos illum nihil sint. Facilis aut quidem neque magni velit nam voluptatem. Quam itaque dolore ipsam odit perferendis et dolores illum. Ut molestias ','Ea sed voluptas architecto.','Heavily Used','Board game'),(158,'batz.christ@gmail.com','Et voluptatum optio consequuntur suscipit aspernatur. Consequatur doloribus qui voluptatem repudiandae autem. A quia consequuntur rerum consectetur facere sit sit. Perferendis libero omnis facere impedit soluta. Ad quam ut officiis est illum porro. Quidem temporibus non a sunt ac','Excepturi et et.','Moderately Used','Video game'),(159,'baumbach.sammy@larkinwolff.com','Et sit veniam modi. Praesentium sunt magni aspernatur qui non autem. Molestiae nisi quia voluptatem qui. Ad deserunt dolore consequatur. Ipsa ipsa magni asperiores. Aut consequatur autem doloribus. Deserunt dolore omnis sit itaque animi itaque tempora. Ea numquam ut dolorem dolor','Excepturi ut nobis voluptas.','Mint','Computer game'),(160,'bbartell@yost.biz','Quae aut natus ad beatae at temporibus non. Eos enim magnam beatae suscipit cumque provident eaque. Quia sint pariatur ea illum repellendus odit. Sed voluptatum quia commodi saepe facilis aut voluptate dicta. Cupiditate ut doloremque quia dolor ea. Nam exercitationem doloribus is','Nostrum cupiditate.','Like New','Jigsaw puzzle'),(161,'bbeier@yahoo.com','Eum error dolores ea ipsum nobis rerum. Ullam sit commodi veniam eaque quia provident consequuntur exercitationem. Ipsam est molestiae cupiditate natus excepturi. In saepe consequatur sunt maxime. Optio assumenda nulla reprehenderit ipsam aut. Ipsam dolor nulla velit aut. Cupidit','Sequi in et repellendus.','Damaged/Missing parts','Computer game'),(162,'beaulah26@littelkilback.com','Assumenda facilis consequuntur nihil est. Expedita voluptas blanditiis provident. Sapiente eveniet aut voluptate. Voluptatem a doloremque sit ut beatae sit dolores. Ea ipsum magnam non repellendus molestiae. Consequatur et aut vitae sint fugit. Aut error placeat tenetur dolore il','Aliquam esse animi aut.','Damaged/Missing parts','Card game'),(163,'beier.chaim@yahoo.com','Placeat soluta est velit ut cupiditate. Qui et id sint ipsa commodi. Est maiores illum atque illo ut est nostrum. Enim magni molestias quae magni. Dolor aliquid aut eos excepturi deleniti ab tempore. Optio ipsam quibusdam nihil fuga unde rerum sit. Consequatur animi dignissimos u','Provident similique eveniet.','Damaged/Missing parts','Jigsaw puzzle'),(164,'bergstrom.emilie@heidenreich.com','Commodi hic iste autem. Ad voluptatem incidunt non eveniet natus perspiciatis officiis. Architecto excepturi eius omnis nisi. Similique accusamus distinctio nobis possimus maiores. Corporis in odit ipsum nostrum repellat. Consequuntur vel voluptas ea. Fuga est cum qui dolorem ani','Ipsum quo magni tempora aut.','Lightly Used','Computer game'),(165,'blick.adah@yahoo.com','Enim iusto aperiam quia doloribus. Quis error quo eum autem odio qui cumque. Aut molestiae doloremque molestiae odio nihil dolore. Id in quasi maiores iste maiores consequatur autem quas. Minus hic et voluptas magni qui saepe. Fuga sapiente ut ut facilis odio odit. Voluptatum nec','Recusandae odit adipisci quaerat.','Like New','Jigsaw puzzle'),(166,'bridget27@okuneva.net','Suscipit minus facere ut inventore molestiae perspiciatis accusamus. Nemo placeat maxime quae eaque ducimus qui. Quia qui repudiandae minus beatae repudiandae. Enim reiciendis voluptatem earum voluptatem sapiente voluptas dolores. Nesciunt nemo debitis minima eius hic modi corpor','Perferendis quibusdam repellendus consequatur.','Mint','Board game'),(167,'cboyer@wisokyreichert.com','Molestiae inventore accusantium temporibus quia. Nesciunt saepe placeat minus nihil eius nulla ipsum. Distinctio ipsum ea consequuntur animi dolore velit. Consequatur voluptatem qui sed veniam dignissimos enim. Optio dignissimos fugiat dolorem eligendi sequi quam perferendis. Ver','Mollitia natus ut dolor.','Mint','Card game'),(168,'cecile.moore@yahoo.com','Molestias excepturi voluptas reprehenderit expedita est. Et consequatur maxime distinctio quia necessitatibus commodi nihil. Eum nulla ut aut harum. Et ex odit rem laudantium. Omnis provident nihil dolorum asperiores. Sit quo aperiam quae reiciendis id ea. Perferendis debitis nih','Autem est atque nemo et.','Damaged/Missing parts','Board game'),(169,'cedrick30@bashirian.com','Et ea sequi consequatur non culpa autem. Qui consequuntur odio asperiores qui. Aut at accusantium velit fugit assumenda aliquid. Hic et animi doloremque sed et. Dolor consequatur doloremque incidunt quia accusantium. Aperiam et qui hic. Quia eaque voluptatem et laudantium earum r','Perspiciatis soluta autem neque.','Moderately Used','Card game'),(170,'clark.mcdermott@blickwiegand.com','Consequatur molestiae sint aliquam officiis facere repudiandae amet. Totam rerum architecto deleniti dolor. Quia eveniet et quo deserunt non. Ratione odit dolore provident. Assumenda dolores voluptatibus perspiciatis ab. Voluptas quidem pariatur culpa animi. Laboriosam ut nobis i','Iste et non harum est.','Heavily Used','Card game'),(171,'clovis.schoen@yahoo.com','Accusantium ab ea deleniti. Dolorem ut accusamus pariatur repudiandae voluptatum atque. Voluptatum et ex deserunt quae. Architecto natus error voluptatem officia necessitatibus quidem. A qui dolorum aut commodi. Culpa similique est ullam dolor eligendi blanditiis. Sit sequi venia','Quasi et.','Lightly Used','Jigsaw puzzle'),(172,'co\'kon@gmail.com','Ut doloribus omnis magnam voluptatibus doloremque exercitationem aperiam. Ut adipisci eius iusto quis quam. Veritatis animi qui excepturi doloribus magnam. Occaecati vel illum quasi occaecati quia iure. Et amet quas at assumenda perferendis non voluptatum ad. Omnis optio est exer','Laudantium blanditiis aliquid cum.','Moderately Used','Board game'),(173,'corwin.zula@stanton.com','At ut quia officiis consequuntur consequatur corrupti sit. Vero quibusdam eaque consequuntur et. Placeat veritatis ut voluptatem voluptatem ut possimus. Officiis eveniet sit quaerat. Ut at labore iure voluptas eaque. Est quasi quis est nobis eaque. Nesciunt aut quo vitae neque. V','Ab praesentium.','Damaged/Missing parts','Computer game'),(174,'cummings.javon@shieldsbergnaum.net','Consequuntur molestiae et ut eaque neque ipsam. Neque iste esse eaque qui. At voluptatem consectetur delectus qui qui rem. Alias eius dolor ad laudantium et et expedita. Ipsam est vel veritatis quia enim. Optio aut ut quia quod aut. Vero voluptates nisi omnis quod accusantium del','Eos praesentium laudantium.','Heavily Used','Video game'),(175,'cyril.halvorson@dicki.biz','Natus expedita qui aut laboriosam ducimus. Sit neque quia sunt est veritatis et eligendi. Aut explicabo aut dolores sequi odit est sit. Vel corporis aut molestiae repellat dicta voluptates. Non omnis iure tempora ad officiis. Quo commodi reprehenderit consequatur veniam perferend','Et non et.','Moderately Used','Computer game'),(176,'dejon30@langworthturcotte.net','Officiis ex quaerat corporis ut fugit. Dolor qui culpa magni repudiandae aperiam blanditiis occaecati. Optio asperiores ab voluptas non sint. Libero sint in eaque voluptates nulla ea. Aut dolor sit ex veritatis. Iure consequuntur sed aperiam nisi aspernatur pariatur inventore. Co','Hic vero sint numquam.','Moderately Used','Computer game'),(177,'dgrimes@barrows.com','Animi odio quisquam et quas ratione quis dicta ut. Tempore nostrum explicabo sunt. Dicta reprehenderit perferendis rem reprehenderit omnis accusantium. Praesentium accusantium id atque odio consectetur eveniet. Et illo voluptas ea quo velit. Et eius voluptate sint similique. Est ','Quam maxime impedit.','Moderately Used','Video game'),(178,'dgulgowski@hotmail.com','Eligendi inventore sint similique voluptates doloribus. Voluptates harum quos dolorum consequatur maiores. Reprehenderit doloremque voluptatem ut doloremque necessitatibus nihil. Quisquam voluptatem dolorum reprehenderit ab. Vel qui eos eos qui in magnam. Animi ut nihil modi. Et ','Odit deserunt voluptatem necessitatibus.','Lightly Used','Board game'),(179,'dicki.earnestine@yahoo.com','Laudantium veritatis sunt aut aut. Et quis iusto voluptate maiores explicabo. Perspiciatis sequi aliquid ut laboriosam rerum. Ducimus autem aut doloribus esse veniam doloribus. Autem impedit ex impedit delectus iusto non. Ut et nulla ullam consectetur et ut voluptate aut. Repudia','Nihil nihil asperiores enim.','Lightly Used','Card game'),(180,'dmckenzie@yahoo.com','Eum itaque eum aut itaque voluptas eum odit quas. Voluptatem ab consequatur atque provident. Repudiandae a earum aut minima ratione sed dignissimos hic. Ullam ad repellat ad fuga doloremque placeat. Qui consequuntur maxime dicta inventore et ad deserunt. Non dolorem necessitatibu','Ab adipisci laborum.','Moderately Used','Card game'),(181,'dolson@hilpert.com','Dolor dolorum optio consectetur enim. Deleniti et suscipit quaerat exercitationem mollitia sint commodi commodi. Rerum porro tempora quam dolores. Odio iure incidunt impedit. Voluptatem repellendus repellat sit. Deleniti iste ipsum voluptas sed sed quo autem. Quo et harum qui aut','Et aut.','Mint','Board game'),(182,'dorthy88@blickwiza.net','Illo impedit quia repellendus est quae ea. Voluptatem quis eligendi quibusdam cum qui reprehenderit vitae. Soluta ipsam nisi ut quod blanditiis facilis magni. Necessitatibus ea culpa est et dolorem ea voluptatem magni. Nam itaque exercitationem sit quia. Sapiente corrupti id reru','Quam iure quia itaque voluptas.','Moderately Used','Card game'),(183,'drice@hotmail.com','Quae quo assumenda labore hic voluptas. Qui enim dignissimos fugit aut totam. Suscipit commodi pariatur aut qui corrupti rerum natus aspernatur. Magni qui incidunt veniam qui cumque repellendus. Sapiente qui excepturi quidem odit similique. Quo quaerat et illo voluptatem. Soluta ','Rerum amet accusamus at.','Damaged/Missing parts','Video game'),(184,'earlene.cronin@reillyosinski.com','Eligendi sed aut fuga ut in. Similique adipisci dolorem nemo quod. Quae sed ut vel necessitatibus dolor iure. Et nobis nulla maiores. Tempore nobis eaque rerum. Vel alias quos nihil et ea perferendis. Odio magni laboriosam exercitationem aspernatur. Sunt omnis iure distinctio sin','Dolorem vel molestias.','Like New','Board game'),(185,'ebogisich@konopelskizemlak.net','Rem expedita dolore non velit autem deleniti est. Minima iste nostrum aspernatur veniam similique et. Et quia iure vitae quisquam aperiam. Dolor eos tempora doloremque eaque aperiam dignissimos et numquam. Omnis sed voluptas dolor quia vel quia. Vel dolor itaque vero beatae magna','Reiciendis dolorem qui.','Lightly Used','Card game'),(186,'eebert@yahoo.com','Ad maiores aspernatur qui ut inventore. Placeat quas rerum molestias et. Aut non sapiente alias consequatur omnis. Quasi qui debitis unde. Et accusamus aliquid iste itaque ipsa voluptate iure sit. Non id magni ducimus debitis et voluptas doloribus dolores. Aut rerum et ab deserun','Dolores id consequatur.','Moderately Used','Jigsaw puzzle'),(187,'eldora.carter@bode.com','Magnam inventore provident et veniam libero quod. Autem ut velit pariatur eaque optio debitis est. Velit eos est ut eaque id. Enim qui harum dolores eos. Soluta eius qui omnis dolor optio eos ratione qui. Consectetur quis esse ex illum ipsam porro. Quia tenetur quia enim sint. Di','Quis nihil aperiam sit.','Mint','Card game'),(188,'elian.ruecker@hotmail.com','Consequuntur tempora ratione voluptas. Quia qui facere omnis esse. Dolores quo distinctio earum mollitia. Quo occaecati ratione aliquid sapiente omnis aut. Et sed excepturi voluptatibus eum omnis aut. Veniam aut aspernatur consequatur repudiandae inventore delectus autem sint. Ap','Magni sed.','Lightly Used','Jigsaw puzzle'),(189,'elise.erdman@mueller.com','Minima cupiditate aspernatur beatae sed cum illum minus omnis. Tenetur debitis ratione sed dolorem beatae. Expedita nihil facere reiciendis aliquam molestiae. Nemo molestiae et libero dicta dolor sit molestiae magni. Tempore fugiat laboriosam voluptas voluptas optio dolores nobis','Dolorem modi velit fugiat rem.','Moderately Used','Board game'),(190,'elwyn.price@gmail.com','Eos aut cupiditate id accusantium. Laboriosam explicabo minima voluptatibus consequatur. Deserunt suscipit qui quod cumque. Beatae perspiciatis non illo consequatur earum omnis. Non magni nemo doloremque sunt ullam quo dolores. Necessitatibus aspernatur ullam vero illum ipsum et ','Non et aut commodi.','Heavily Used','Computer game'),(191,'eo\'conner@wilkinson.info','Dolor et et saepe magni dolorem dolor. Et sed dolores rerum unde dolorum. Similique adipisci ratione est aut. Dolores temporibus animi non exercitationem voluptate error. Architecto suscipit laudantium eaque non doloribus voluptate. Dolore exercitationem consequuntur atque. Dolor','Ipsa dolore quaerat enim.','Damaged/Missing parts','Card game'),(192,'ernie.weissnat@hotmail.com','Placeat ea quod dolores occaecati necessitatibus qui hic sequi. Ex reiciendis debitis maxime rerum harum qui. Impedit modi quibusdam vel. Dolor dicta molestiae ratione et laborum tempora rerum. Laudantium perspiciatis non recusandae consequatur. Sunt commodi veniam nam ullam labo','Nam nobis perspiciatis expedita vero.','Mint','Video game'),(193,'eugenia.thiel@kassulkerempel.com','Suscipit ipsum quo delectus quia. Et ea exercitationem non velit. Ex qui animi eveniet. Omnis et molestias perferendis sed ipsum aperiam ipsa. Aut dolor earum ea laboriosam neque quis et tempore. Rerum beatae velit et cupiditate numquam. Modi laboriosam iusto ducimus voluptas eaq','Qui dolores nobis eligendi.','Lightly Used','Board game'),(194,'everardo08@emardwillms.com','Voluptate ratione perferendis est aut. Dolorum ducimus aut autem saepe. Velit quo beatae consequuntur molestias. Adipisci totam veritatis velit voluptatem velit dicta sint. Nemo ducimus autem consequatur quia deleniti. Aut neque repudiandae numquam consequatur corrupti. Ipsa face','Qui in.','Lightly Used','Board game'),(195,'ewintheiser@hotmail.com','Dolores voluptatem odio soluta aut. Est voluptas quis perspiciatis cumque. A quia maiores omnis quasi harum. Nihil deserunt sit praesentium quas eum. Voluptate temporibus sed maxime dolores. Error nulla voluptatum nemo quis. Debitis in autem ducimus atque et laboriosam et. Omnis ','Commodi illum.','Damaged/Missing parts','Card game'),(196,'fahey.myrna@gmail.com','Vero et error aut enim corrupti iste aut sunt. Autem autem maiores quisquam aliquid itaque. Enim repellat impedit ab illo consequatur. Qui rerum iusto non soluta sit. Et assumenda velit modi nostrum eum aut. Vel cum quaerat quod totam. Atque dolores consequatur soluta ut. Volupta','Qui est magnam.','Damaged/Missing parts','Jigsaw puzzle'),(197,'fmohr@hotmail.com','Tenetur sunt ut sequi ipsa atque. Aut eveniet eos officia ea rerum ratione sed impedit. Ipsam est voluptatem suscipit quia dolorem corporis. Facere omnis modi ut dolores aut minima. Qui ab exercitationem voluptas aut accusamus esse. At doloremque et corporis rerum. Perferendis cu','Animi incidunt cumque commodi.','Heavily Used','Board game'),(198,'garmstrong@jacobi.com','Sit quod non perferendis. Nulla modi nam voluptas eos voluptatem quis. Ut ipsam incidunt omnis et. Autem saepe facere ut. Reprehenderit amet ab beatae dolorum sed doloremque ipsa. Minima consequuntur pariatur consequuntur repellat. Iure possimus ratione eius iusto. Numquam est om','Voluptatem dolorum.','Mint','Jigsaw puzzle'),(199,'gleichner.savannah@grimesprice.info','Sunt error est et non est nesciunt. Et aspernatur voluptatem enim fuga voluptatum id assumenda. Officia et in commodi est vel. Qui hic est possimus et quia praesentium veritatis. Sint fuga ex rerum consectetur dolor corrupti in consectetur. Nulla eius nihil doloribus eius alias. ','Sit ratione repellendus voluptas.','Damaged/Missing parts','Computer game'),(200,'glenda.marquardt@hotmail.com','Blanditiis ad id sequi est suscipit sed. Fugit accusantium sit nihil eveniet voluptatem est saepe. Laudantium quas sed sed eius rerum labore. Magnam ipsa nemo consectetur itaque. Voluptatem saepe veniam neque iusto dolore. Nihil molestias perferendis temporibus animi omnis eos ne','Neque reiciendis excepturi fugiat.','Like New','Card game');
-- Each game type has 40 games
UPDATE Item SET game_type = 'Video game' WHERE item_id <= 40;
UPDATE Item SET game_type = 'Jigsaw puzzle' WHERE item_id > 40 AND item_id <= 80;
UPDATE Item SET game_type = 'Computer game' WHERE item_id > 80 AND item_id <= 120;
UPDATE Item SET game_type = 'Board game' WHERE item_id > 120 AND item_id <= 160;
UPDATE Item SET game_type = 'Card game' WHERE item_id > 160 AND item_id <= 200;
;
UPDATE Item SET email = 'abernhard@gmail.com'
WHERE item_id > 5 AND item_id <= 15
;
UPDATE Item SET email = 'adriel31@yahoo.com'
WHERE item_id > 40 AND item_id <= 55
;
UPDATE Item SET email = 'adriana00@windler.com'
WHERE item_id > 80 AND item_id <= 95
;
UPDATE Item SET email = 'agnes42@hotmail.com'
WHERE item_id > 120 AND item_id <= 135
;
UPDATE Item SET email = 'alexandria06@hotmail.com'
WHERE item_id > 160 AND item_id <= 175
;
#
# VideoGamePlatform
#
INSERT INTO `VideoGamePlatform` (`video_game_platform`) VALUES ('Nintendo');
INSERT INTO `VideoGamePlatform` (`video_game_platform`) VALUES ('PlayStation');
INSERT INTO `VideoGamePlatform` (`video_game_platform`) VALUES ('Xbox');

#
# VideoGameItem
#
INSERT INTO `VideoGameItem` VALUES (1,'Nintendo','cartridge'),(2,'PlayStation','cartridge'),(3,'Xbox','game card'),(4,'Nintendo','cartridge'),(5,'PlayStation','game card'),(6,'Xbox','optical disc'),(7,'Nintendo','game card'),(8,'PlayStation','optical disc'),(9,'Xbox','optical disc'),(10,'Nintendo','cartridge'),(11,'PlayStation','cartridge'),(12,'Xbox','optical disc'),(13,'Nintendo','cartridge'),(14,'PlayStation','optical disc'),(15,'Xbox','cartridge'),(16,'Nintendo','optical disc'),(17,'PlayStation','optical disc'),(18,'Xbox','game card'),(19,'Nintendo','cartridge'),(20,'PlayStation','game card'),(21,'Xbox','cartridge'),(22,'Nintendo','game card'),(23,'PlayStation','optical disc'),(24,'Xbox','optical disc'),(25,'Nintendo','game card'),(26,'PlayStation','cartridge'),(27,'Xbox','cartridge'),(28,'Nintendo','game card'),(29,'PlayStation','optical disc'),(30,'Xbox','optical disc'),(31,'Nintendo','cartridge'),(32,'PlayStation','cartridge'),(33,'Xbox','game card'),(34,'Nintendo','cartridge'),(35,'PlayStation','optical disc'),(36,'Xbox','optical disc'),(37,'Nintendo','optical disc'),(38,'PlayStation','cartridge'),(39,'Xbox','optical disc'),(40,'Nintendo','optical disc');

#
# JigsawPuzzleItem
#
INSERT INTO `JigsawPuzzleItem` VALUES (41,4818),(42,3963),(43,6770),(44,7356),(45,5669),(46,1141),(47,1304),(48,3022),(49,9720),(50,9851),(51,5166),(52,413),(53,1635),(54,977),(55,1520),(56,4373),(57,6172),(58,6110),(59,4488),(60,4643),(61,6272),(62,6004),(63,7755),(64,2081),(65,9680),(66,7438),(67,2865),(68,582),(69,4314),(70,532),(71,3476),(72,3357),(73,913),(74,7983),(75,8674),(76,5720),(77,4864),(78,8097),(79,9790),(80,9850);

#
# ComputerGameItem
#
INSERT INTO `ComputerGameItem` VALUES (81,'macOS'),(82,'macOS'),(83,'Linux'),(84,'Windows'),(85,'Windows'),(86,'macOS'),(87,'Windows'),(88,'Windows'),(89,'macOS'),(90,'Windows'),(91,'macOS'),(92,'Linux'),(93,'Windows'),(94,'macOS'),(95,'Linux'),(96,'Linux'),(97,'macOS'),(98,'macOS'),(99,'macOS'),(100,'macOS'),(101,'Windows'),(102,'Linux'),(103,'Linux'),(104,'Windows'),(105,'macOS'),(106,'Linux'),(107,'Linux'),(108,'macOS'),(109,'macOS'),(110,'Windows'),(111,'Windows'),(112,'Linux'),(113,'Linux'),(114,'Windows'),(115,'Windows'),(116,'Linux'),(117,'macOS'),(118,'Linux'),(119,'Linux'),(120,'Linux');
#################################### SwapRequest

SELECT * from Item IT JOIN RegularUser RU 
ON IT.email = RU.email
#ORDER BY item_id asc
;
-- swap 1, accepted, item 1 & 2
INSERT INTO SwapRequest (proposal_date, status, completion_date, distance)
VALUES (curdate(), 'accepted', curdate(), 100.0)
;
INSERT INTO SwapRequestDetail (swap_id, item_id, party, is_proposer, rating)
VALUES (1, 1, 'abernhard@gmail.com', TRUE, 3)
;
INSERT INTO SwapRequestDetail (swap_id, item_id, party, is_proposer, rating)
VALUES (1, 2, 'adalberto54@torpwolff.com', FALSE, 4)
;
-- swap 2, accepted, item 3 & 151
INSERT INTO SwapRequest (proposal_date, status, completion_date, distance)
VALUES (curdate(), 'accepted', curdate(), 25.6)
;
INSERT INTO SwapRequestDetail (swap_id, item_id, party, is_proposer, rating)
VALUES (2, 151, 'abernhard@gmail.com', FALSE, 5)
;
INSERT INTO SwapRequestDetail (swap_id, item_id, party, is_proposer, rating)
VALUES (2, 3, 'adriana00@windler.com', TRUE, 2)
;
-- swap 3, rejected, item 152 & 153
INSERT INTO SwapRequest (proposal_date, status, completion_date, distance)
VALUES (curdate(), 'rejected', NULL, 200.5)
;
INSERT INTO SwapRequestDetail (swap_id, item_id, party, is_proposer)
VALUES (3, 153, 'adriana00@windler.com', FALSE)
;
INSERT INTO SwapRequestDetail (swap_id, item_id, party, is_proposer)
VALUES (3, 152, 'adalberto54@torpwolff.com', TRUE)
;
-- swap 4, pending, item 4 & 5
INSERT INTO SwapRequest (proposal_date, status, completion_date, distance)
VALUES (curdate(), 'pending', NULL, 5.6)
;
INSERT INTO SwapRequestDetail (swap_id, item_id, party, is_proposer)
VALUES (4, 4, 'adriel31@yahoo.com', FALSE)
;
INSERT INTO SwapRequestDetail (swap_id, item_id, party, is_proposer)
VALUES (4, 5, 'agnes42@hotmail.com', TRUE)
;
-- swap 4, pending, item 4 & 5
INSERT INTO SwapRequest (proposal_date, status, completion_date, distance)
VALUES (curdate(), 'pending', NULL, 125.4)
;
INSERT INTO SwapRequestDetail (swap_id, item_id, party, is_proposer)
VALUES (4, 4, 'adriel31@yahoo.com', FALSE)
;
INSERT INTO SwapRequestDetail (swap_id, item_id, party, is_proposer)
VALUES (4, 5, 'agnes42@hotmail.com', TRUE)
;
#------------------ more swaps for abernhard@gmail.com
-- rejected
INSERT INTO SwapRequest (proposal_date, status, completion_date, distance)
VALUES (curdate(), 'rejected', NULL, 23.5)
;
INSERT INTO SwapRequestDetail (swap_id, item_id, party, is_proposer)
VALUES (last_insert_id(), 6, 'abernhard@gmail.com', FALSE)
;
INSERT INTO SwapRequestDetail (swap_id, item_id, party, is_proposer)
VALUES (last_insert_id(), 41, 'adriel31@yahoo.com', TRUE)
;
-- accepted no rating as proposer
INSERT INTO SwapRequest (proposal_date, status, completion_date, distance)
VALUES (curdate(), 'accepted', curdate(), 46.7)
;
INSERT INTO SwapRequestDetail (swap_id, item_id, party, is_proposer)
VALUES (last_insert_id(), 7, 'abernhard@gmail.com', TRUE)
;
INSERT INTO SwapRequestDetail (swap_id, item_id, party, is_proposer)
VALUES (last_insert_id(), 81, 'adriana00@windler.com', FALSE)
;
-- accepted no rating as counter party
INSERT INTO SwapRequest (proposal_date, status, completion_date, distance)
VALUES (curdate(), 'accepted', curdate(), 23.4)
;
INSERT INTO SwapRequestDetail (swap_id, item_id, party, is_proposer)
VALUES (last_insert_id(), 8, 'abernhard@gmail.com', FALSE)
;
INSERT INTO SwapRequestDetail (swap_id, item_id, party, is_proposer)
VALUES (last_insert_id(), 121, 'agnes42@hotmail.com', TRUE)
;
-- pending
INSERT INTO SwapRequest (proposal_date, status, distance)
VALUES (curdate(), 'accepted', 101.5)
;
INSERT INTO SwapRequestDetail (swap_id, item_id, party, is_proposer)
VALUES (last_insert_id(), 9, 'abernhard@gmail.com', FALSE)
;
INSERT INTO SwapRequestDetail (swap_id, item_id, party, is_proposer)
VALUES (last_insert_id(), 161, 'alexandria06@hotmail.com', TRUE)
;
-- more pending
INSERT INTO SwapRequest (proposal_date, status, distance)
VALUES (curdate(), 'accepted', 101.5)
;
INSERT INTO SwapRequestDetail (swap_id, item_id, party, is_proposer)
VALUES (last_insert_id(), 10, 'abernhard@gmail.com', TRUE)
;
INSERT INTO SwapRequestDetail (swap_id, item_id, party, is_proposer)
VALUES (last_insert_id(), 162, 'alexandria06@hotmail.com', FALSE)
;
#------------------ more swaps for adriel31@yahoo.com
-- rejected
INSERT INTO SwapRequest (proposal_date, status, completion_date, distance)
VALUES (curdate(), 'rejected', NULL, 23.5)
;
INSERT INTO SwapRequestDetail (swap_id, item_id, party, is_proposer)
VALUES (last_insert_id(), 11, 'abernhard@gmail.com', FALSE)
;
INSERT INTO SwapRequestDetail (swap_id, item_id, party, is_proposer)
VALUES (last_insert_id(), 42, 'adriel31@yahoo.com', TRUE)
;
-- accepted no rating as counter
INSERT INTO SwapRequest (proposal_date, status, completion_date, distance)
VALUES (curdate(), 'accepted', curdate(), 1100.7)
;
INSERT INTO SwapRequestDetail (swap_id, item_id, party, is_proposer)
VALUES (last_insert_id(), 82, 'adriana00@windler.com', TRUE)
;
INSERT INTO SwapRequestDetail (swap_id, item_id, party, is_proposer)
VALUES (last_insert_id(), 43, 'adriel31@yahoo.com', FALSE)
;
-- accepted no rating as proposer
INSERT INTO SwapRequest (proposal_date, status, completion_date, distance)
VALUES (curdate(), 'accepted', curdate(), 5)
;
INSERT INTO SwapRequestDetail (swap_id, item_id, party, is_proposer)
VALUES (last_insert_id(), 122, 'agnes42@hotmail.com', FALSE)
;
INSERT INTO SwapRequestDetail (swap_id, item_id, party, is_proposer)
VALUES (last_insert_id(), 44, 'adriel31@yahoo.com', TRUE)
;
-- pending
INSERT INTO SwapRequest (proposal_date, status, distance)
VALUES (curdate(), 'accepted', 11.5)
;
INSERT INTO SwapRequestDetail (swap_id, item_id, party, is_proposer)
VALUES (last_insert_id(), 163, 'alexandria06@hotmail.com', FALSE)
;
INSERT INTO SwapRequestDetail (swap_id, item_id, party, is_proposer)
VALUES (last_insert_id(), 45, 'adriel31@yahoo.com', TRUE)
;
-- more pending
INSERT INTO SwapRequest (proposal_date, status, distance)
VALUES (curdate(), 'pending', 11.5)
;
INSERT INTO SwapRequestDetail (swap_id, item_id, party, is_proposer)
VALUES (last_insert_id(), 164, 'alexandria06@hotmail.com', TRUE)
;
INSERT INTO SwapRequestDetail (swap_id, item_id, party, is_proposer)
VALUES (last_insert_id(), 46, 'adriel31@yahoo.com', FALSE)
;
-- accepted with rating
INSERT INTO SwapRequest (proposal_date, status, completion_date, distance)
VALUES (curdate(), 'accepted', curdate(), 11.5)
;
INSERT INTO SwapRequestDetail (swap_id, item_id, party, is_proposer, rating)
VALUES (last_insert_id(), 165, 'alexandria06@hotmail.com', FALSE, 2)
;
INSERT INTO SwapRequestDetail (swap_id, item_id, party, is_proposer, rating)
VALUES (last_insert_id(), 47, 'adriel31@yahoo.com', TRUE, 1)
;
#--------------------------- in case of missing
;
UPDATE SwapRequest SET completion_date = curdate()
WHERE status = 'rejected'
;
UPDATE SwapRequest SET status = 'pending'
WHERE completion_date IS NULL